path,size_bytes,sha256,purpose,durable_value,contains_internal_editorial_material,contains_author_confirmation_placeholder,contains_personal_information,contains_absolute_paths,contains_secrets,publication_facing,recommended_action,reason
docs/coap_submission_dry_run_20260612/AUTHOR_CONFIRMATIONS_REQUIRED.md,6438,be382bfd466a7da113d2f30fdc645bcf3fd56cc492baf23e2cdb7fa978f8212a,15-item checklist of facts the author must confirm before submitting,HIGH — permanent record of what was unknown at dry-run time,NO — no editor correspondence,YES — explicitly notes JOCO/DAM status unknown,YES — email sv96@njit.edu and ORCID,NO,NO,INTERNAL,COMMIT,Durable submission governance record; not publication-facing; email/ORCID are also in manuscript
docs/coap_submission_dry_run_20260612/COVER_LETTER_VERIFICATION.md,3474,f3b1c630b74a259974d0ca4d6ca8af52d2306f7838b6b91dc840cdc8995adfb3,Line-by-line audit of cover letter content,HIGH — evidence of cover letter completeness check,NO,NO,NO,NO,NO,INTERNAL,COMMIT,Durable verification audit; supports reproducibility of submission decision
docs/coap_submission_dry_run_20260612/EXECUTIVE_SUMMARY.md,4650,776f016858f8cc304a4b9de5ba725a882db4bd3689105bb4e5c838fe8428d9f0,Top-level dry-run summary with file register and findings,HIGH,NO,NO,YES — email,NO,NO,INTERNAL,COMMIT,Durable top-level record of dry-run outcome
docs/coap_submission_dry_run_20260612/FINAL_SUBMISSION_DRY_RUN_VERDICT.md,7025,086e3b2b98a172d02c7c375d601de162f44586780bd27be768908c7c5306bdd4,Full verdict document with all findings and numerical consistency check,HIGH,NO,YES — JOCO/DAM pending notes,YES — email,NO,NO,INTERNAL,COMMIT,Primary dry-run verdict; includes EXP11 resolution documentation
docs/coap_submission_dry_run_20260612/GENERATED_PDF_ORDER_PLAN.md,3642,ec5feff0c4a57430dbb750f510ca22ee9933800cdb2a552b99aaa14224570fff,Verification plan for portal-generated review PDF,MEDIUM — useful at submission time,NO,NO,NO,NO,NO,INTERNAL,COMMIT,Durable; referenced in walkthrough
docs/coap_submission_dry_run_20260612/MANUSCRIPT_UPLOAD_VERIFICATION.md,3997,e33f8e9e8dbc94184db0ae58c3f83a03ff7051dd79b537594934f6d9959178a1,Line-by-line audit of manuscript PDF content,HIGH,NO,NO,NO,NO,NO,INTERNAL,COMMIT,Durable verification evidence
docs/coap_submission_dry_run_20260612/ONLINE_RESOURCE_UPLOAD_VERIFICATION.md,2518,7fab85b29a93c00fc28103a04ee54075a4de015e0ca5d3d3752049d0a136cceb,OR1 validation result record,HIGH — OR1 validation PASSED documented,NO,NO,NO,NO,NO,INTERNAL,COMMIT,Permanent record of OR1 validation
docs/coap_submission_dry_run_20260612/RELATED_MANUSCRIPT_VERIFICATION.md,3895,f20730c7f29721e92799bc0e5f2de7a814fd76b52aaad334c493207691c645c2,Table of 5 related items with adequacy assessment,HIGH,NO,YES — JOCO/DAM status placeholders,NO,NO,NO,INTERNAL,COMMIT,Durable related-work verification record
docs/coap_submission_dry_run_20260612/REPOSITORY_STATE.md,1332,7af2a376537a07423af5b1c6c5907d25c315d7dbab478d9ee789c2b287b9dbe4,Snapshot of repo state at dry-run date,MEDIUM,NO,NO,NO,NO,NO,INTERNAL,COMMIT,Concise historical record
docs/coap_submission_dry_run_20260612/SOURCE_ZIP_VERIFICATION.md,2424,97d26907e8663c236ecaa673bfe4eebf5ff3aaff6ffb3aa308cc472b9452f982,Source ZIP structure verification (pdflatex unavailable),MEDIUM,NO,NO,NO,NO,NO,INTERNAL,COMMIT,Documents LaTeX availability limitation
docs/coap_submission_dry_run_20260612/STEP_BY_STEP_SUBMISSION_WALKTHROUGH.md,9753,fcd7fc24abc47999547e6da3f56db065bb0212d81fe6b8e26a21cc5dc13c73d6,32-step author portal walkthrough,HIGH — operational guide for submission,NO,YES — notes JOCO/DAM gate,YES — email; reviewer emails,NO,NO,INTERNAL,COMMIT,Canonical submission guide; email addresses are also in other committed docs
docs/coap_submission_dry_run_20260612/audit_metadata.json,4481,c07ade439ab756baf1b47af97dd85f11777a96f5509aa2a2ec872c559caf5077,Machine-readable dry-run metadata with all file checksums,HIGH,NO,YES — pending_confirmations field,NO,NO,NO,INTERNAL,COMMIT,Programmatically queryable submission record
docs/coap_submission_dry_run_20260612/FILE_DESIGNATION_MAP.csv,1387,e61d7d22e56966336cb78660384ff9877a364073741eccece243561a53e705ce,File-to-portal-designation mapping table,HIGH,NO,NO,NO,NO,NO,INTERNAL,COMMIT WITH GITIGNORE EXCEPTION — *.csv is gitignored,Durable submission record; needs !docs/coap_submission_dry_run_20260612/*.csv in .gitignore
docs/coap_submission_dry_run_20260612/FINAL_PORTAL_ISSUE_REGISTER.csv,5514,ab67ab8672de8b1dfd3cfd5932cb8b4f27d9232f85bd36d412752dceb51fcb75,Issue tracker for 13 submission portal findings,HIGH,YES — mentions editor-only designations and internal portal strategy,YES — JOCO/DAM ISSUE-01 noted,NO,NO,NO,INTERNAL,COMMIT WITH GITIGNORE EXCEPTION — *.csv is gitignored,"Durable issue record; internal strategy notes are appropriate for submission governance"
docs/coap_submission_dry_run_20260612/LIVE_PORTAL_FIELD_REGISTER.csv,6243,5bb8d8cb35b429ca1dea8f9cbc4a4d4f9fae339384718f96edf8c73c03b9cb0a,31-step portal field register with exact values,HIGH — primary portal reference,NO,YES — notes portal behavior as unverified,YES — email ORCID,NO,NO,INTERNAL,COMMIT WITH GITIGNORE EXCEPTION — *.csv is gitignored,Durable portal reference; all values verified or labeled NOT VERIFIED
docs/coap_submission_dry_run_20260612/OFFICIAL_COAP_REQUIREMENTS.csv,6659,74377d78b4463af74ec78ee29db64a8d1d31cad12b27e8f1d8df1f4fc823145b,27-requirement COAP compliance table,HIGH,NO,YES — concurrent-submission row has author-confirmation note,NO,NO,NO,INTERNAL,COMMIT WITH GITIGNORE EXCEPTION — *.csv is gitignored,Official-requirement evidence; items marked NOT VERIFIED are appropriately qualified
docs/coap_submission_dry_run_20260612/SUBMISSION_CONSISTENCY_MATRIX.csv,4654,106de6b726b661f32142d34d4a227bd6516f21dab1945830e92e5ecb2deca60d,24 cross-surface consistency checks,HIGH — provenance,NO,NO,NO,NO,NO,INTERNAL,COMMIT WITH GITIGNORE EXCEPTION — *.csv is gitignored,All 24 fields consistent; documents EXP11 fix
docs/coap_submission_dry_run_20260612/SUGGESTED_REVIEWER_REGISTER.csv,1612,93f610f65156702ddaefe6eda5bf74e4cdfb3e42f4d773dde7ded451946ab553,5-candidate reviewer list with public-source verification notes,MEDIUM — superseded by FINAL_REVIEWER_RECOMMENDATIONS.csv,YES — reviewer emails and institutional affiliations,NO,YES — reviewer emails,NO,NO,INTERNAL,COMMIT WITH GITIGNORE EXCEPTION — *.csv is gitignored,Reviewer contact info is conventionally included in COAP-equivalent submission docs; canonical version is in freeze dir
docs/coap_submission_dry_run_20260612/UPLOAD_FILE_REGISTER.csv,2944,96466c8607b6bc00fa866ec12476a6409184a0c4811be532ecc0b3647886400c,6 upload files with checksums and designations,HIGH — provenance,NO,NO,NO,NO,NO,INTERNAL,COMMIT WITH GITIGNORE EXCEPTION — *.csv is gitignored,Primary upload file record; all checksums verified
docs/coap_submission_dry_run_20260612/logs/tests.log,N/A (gitignored),N/A,pytest -v output from dry-run session,LOW — transient; result already recorded in validation files,NO,NO,NO,YES — /home/soroush/ paths in pytest output,NO,NO,EXCLUDE (GITIGNORED),Log is transient; test results recorded in VALIDATION_RESULTS.md
docs/coap_submission_dry_run_20260612/logs/or1_validation.log,N/A (gitignored),N/A,OR1 validate_artifact.sh output,LOW — transient; result already recorded,NO,NO,NO,YES — /home/soroush/ paths,NO,NO,EXCLUDE (GITIGNORED),Log is transient; PASSED result recorded elsewhere
docs/coap_submission_dry_run_20260612/logs/path_and_secret_scan.log,N/A (gitignored),N/A,Security scan output,LOW — transient; CLEAN result recorded in SECURITY_AND_PRIVACY_RESULT.md,NO,NO,YES — local paths visible in scan,YES — /home/soroush/ paths,NO,NO,EXCLUDE (GITIGNORED),Transient scan log; would expose local paths if committed
docs/coap_submission_dry_run_20260612/logs/source_zip_build.log,N/A (gitignored),N/A,Source ZIP structure verification log,LOW — transient; findings in SOURCE_ZIP_VERIFICATION.md,NO,NO,NO,YES — /home/soroush/ paths,NO,NO,EXCLUDE (GITIGNORED),Transient log; findings documented in markdown
paper_coap/submission/EDITORIAL_MANAGER_FINAL_COPY_READY_TEXT.md,9853,c4e4024bfd3db1063d8ea4bcf096b90fa2a26eb86c24e327f003290353c3b8cc,Canonical portal copy-ready text (updated with confirmation gates),HIGH — primary submission reference,NO,YES — PRE-SUBMISSION GATE explicitly marks JOCO/DAM as unverified,YES — email ORCID reviewer emails,NO,NO,INTERNAL (author use only),COMMIT,Updated with explicit confirmation-required markers; canonical portal reference
