source,destination,reason
docs/coap_rejection_history_and_revision_plan_20260611/ADDITIONAL_EXPERIMENT_DECISION.md,docs/archive/internal/coap_rejection_history_and_revision_plan_20260611/ADDITIONAL_EXPERIMENT_DECISION.md,archive stale/historical material
docs/coap_rejection_history_and_revision_plan_20260611/COAP_EDITORIAL_RISK_MAP.md,docs/archive/internal/coap_rejection_history_and_revision_plan_20260611/COAP_EDITORIAL_RISK_MAP.md,archive stale/historical material
docs/coap_rejection_history_and_revision_plan_20260611/COVER_LETTER_CONTENT_PLAN.md,docs/archive/internal/coap_rejection_history_and_revision_plan_20260611/COVER_LETTER_CONTENT_PLAN.md,archive stale/historical material
docs/coap_rejection_history_and_revision_plan_20260611/CURRENT_FRAMING_RISK_AUDIT.md,docs/archive/internal/coap_rejection_history_and_revision_plan_20260611/CURRENT_FRAMING_RISK_AUDIT.md,archive stale/historical material
docs/coap_rejection_history_and_revision_plan_20260611/EXECUTIVE_SUMMARY.md,docs/archive/internal/coap_rejection_history_and_revision_plan_20260611/EXECUTIVE_SUMMARY.md,archive stale/historical material
docs/coap_rejection_history_and_revision_plan_20260611/FINAL_PRE_SUBMISSION_SEQUENCE.md,docs/archive/internal/coap_rejection_history_and_revision_plan_20260611/FINAL_PRE_SUBMISSION_SEQUENCE.md,archive stale/historical material
docs/coap_rejection_history_and_revision_plan_20260611/FINAL_SCIENTIFIC_NARRATIVE.md,docs/archive/internal/coap_rejection_history_and_revision_plan_20260611/FINAL_SCIENTIFIC_NARRATIVE.md,archive stale/historical material
docs/coap_rejection_history_and_revision_plan_20260611/MANUSCRIPT_RESTRUCTURING_PLAN.md,docs/archive/internal/coap_rejection_history_and_revision_plan_20260611/MANUSCRIPT_RESTRUCTURING_PLAN.md,archive stale/historical material
docs/coap_rejection_history_and_revision_plan_20260611/OBJECTION_RESOLUTION_AUDIT.md,docs/archive/internal/coap_rejection_history_and_revision_plan_20260611/OBJECTION_RESOLUTION_AUDIT.md,archive stale/historical material
docs/coap_rejection_history_and_revision_plan_20260611/REJECTION_REASON_TAXONOMY.md,docs/archive/internal/coap_rejection_history_and_revision_plan_20260611/REJECTION_REASON_TAXONOMY.md,archive stale/historical material
docs/coap_rejection_history_and_revision_plan_20260611/SUBMISSION_LINEAGE.md,docs/archive/internal/coap_rejection_history_and_revision_plan_20260611/SUBMISSION_LINEAGE.md,archive stale/historical material
docs/coap_rejection_history_and_revision_plan_20260611/SUBMISSION_PACKAGE_GAP_ANALYSIS.md,docs/archive/internal/coap_rejection_history_and_revision_plan_20260611/SUBMISSION_PACKAGE_GAP_ANALYSIS.md,archive stale/historical material
docs/coap_rejection_history_and_revision_plan_20260611/audit_metadata.json,docs/archive/internal/coap_rejection_history_and_revision_plan_20260611/audit_metadata.json,archive stale/historical material
docs/coap_rejection_history_and_revision_plan_20260611/source_document_inventory.json,docs/archive/internal/coap_rejection_history_and_revision_plan_20260611/source_document_inventory.json,archive stale/historical material
submission_package/ejco_files_for_upload/UPLOAD_MANIFEST.md,docs/archive/legacy_submission_packages/ejco_submission_package/ejco_files_for_upload/UPLOAD_MANIFEST.md,archive stale/historical material
submission_package/ejco_files_for_upload/cover_letter.pdf,docs/archive/legacy_submission_packages/ejco_submission_package/ejco_files_for_upload/cover_letter.pdf,archive stale/historical material
submission_package/ejco_files_for_upload/ejco_reproducibility_artifact.zip,docs/archive/legacy_submission_packages/ejco_submission_package/ejco_files_for_upload/ejco_reproducibility_artifact.zip,archive stale/historical material
submission_package/ejco_files_for_upload/ejco_source.zip,docs/archive/legacy_submission_packages/ejco_submission_package/ejco_files_for_upload/ejco_source.zip,archive stale/historical material
paper/highlights.txt,docs/archive/legacy_submission_packages/ejco_submission_package/ejco_files_for_upload/highlights.txt,archive stale/historical material
submission_package/ejco_files_for_upload/main_manuscript.pdf,docs/archive/legacy_submission_packages/ejco_submission_package/ejco_files_for_upload/main_manuscript.pdf,archive stale/historical material
paper/title_page.pdf,docs/archive/legacy_submission_packages/ejco_submission_package/ejco_files_for_upload/title_page.pdf,archive stale/historical material
submission_package/ejco_reproducibility_artifact.zip,docs/archive/legacy_submission_packages/ejco_submission_package/ejco_reproducibility_artifact.zip,archive stale/historical material
submission_package/ejco_reproducibility_artifact/DATASETS.md,docs/archive/legacy_submission_packages/ejco_submission_package/ejco_reproducibility_artifact/DATASETS.md,archive stale/historical material
submission_package/ejco_reproducibility_artifact/LICENSE,docs/archive/legacy_submission_packages/ejco_submission_package/ejco_reproducibility_artifact/LICENSE,archive stale/historical material
submission_package/ejco_reproducibility_artifact/MANIFEST.md,docs/archive/legacy_submission_packages/ejco_submission_package/ejco_reproducibility_artifact/MANIFEST.md,archive stale/historical material
submission_package/ejco_reproducibility_artifact/PROJECT_README.md,docs/archive/legacy_submission_packages/ejco_submission_package/ejco_reproducibility_artifact/PROJECT_README.md,archive stale/historical material
submission_package/ejco_reproducibility_artifact/README.md,docs/archive/legacy_submission_packages/ejco_submission_package/ejco_reproducibility_artifact/README.md,archive stale/historical material
submission_package/ejco_reproducibility_artifact/REPRODUCE.md,docs/archive/legacy_submission_packages/ejco_submission_package/ejco_reproducibility_artifact/REPRODUCE.md,archive stale/historical material
submission_package/ejco_reproducibility_artifact/docs/baselines_and_datasets_references.md,docs/archive/legacy_submission_packages/ejco_submission_package/ejco_reproducibility_artifact/docs/baselines_and_datasets_references.md,archive stale/historical material
submission_package/ejco_reproducibility_artifact/experiments/README.md,docs/archive/legacy_submission_packages/ejco_submission_package/ejco_reproducibility_artifact/experiments/README.md,archive stale/historical material
submission_package/ejco_reproducibility_artifact/experiments/exp1b_core_benchmark_full_wmsf_seed/configs/benchmark_instances_found_all.txt,docs/archive/legacy_submission_packages/ejco_submission_package/ejco_reproducibility_artifact/experiments/exp1b_core_benchmark_full_wmsf_seed/configs/benchmark_instances_found_all.txt,archive stale/historical material
submission_package/ejco_reproducibility_artifact/experiments/exp1b_core_benchmark_full_wmsf_seed/configs/experiment_metadata.txt,docs/archive/legacy_submission_packages/ejco_submission_package/ejco_reproducibility_artifact/experiments/exp1b_core_benchmark_full_wmsf_seed/configs/experiment_metadata.txt,archive stale/historical material
submission_package/ejco_reproducibility_artifact/experiments/exp1b_core_benchmark_full_wmsf_seed/configs/smoke_instances.txt,docs/archive/legacy_submission_packages/ejco_submission_package/ejco_reproducibility_artifact/experiments/exp1b_core_benchmark_full_wmsf_seed/configs/smoke_instances.txt,archive stale/historical material
submission_package/ejco_reproducibility_artifact/experiments/exp1b_core_benchmark_full_wmsf_seed/postprocess_exp1b.py,docs/archive/legacy_submission_packages/ejco_submission_package/ejco_reproducibility_artifact/experiments/exp1b_core_benchmark_full_wmsf_seed/postprocess_exp1b.py,archive stale/historical material
submission_package/ejco_reproducibility_artifact/experiments/exp1b_core_benchmark_full_wmsf_seed/summary/exp1b_core_benchmark_stats.json,docs/archive/legacy_submission_packages/ejco_submission_package/ejco_reproducibility_artifact/experiments/exp1b_core_benchmark_full_wmsf_seed/summary/exp1b_core_benchmark_stats.json,archive stale/historical material
submission_package/ejco_reproducibility_artifact/experiments/exp1b_core_benchmark_full_wmsf_seed/summary/exp1b_core_benchmark_summary.md,docs/archive/legacy_submission_packages/ejco_submission_package/ejco_reproducibility_artifact/experiments/exp1b_core_benchmark_full_wmsf_seed/summary/exp1b_core_benchmark_summary.md,archive stale/historical material
submission_package/ejco_reproducibility_artifact/experiments/exp2_ablation/README.md,docs/archive/legacy_submission_packages/ejco_submission_package/ejco_reproducibility_artifact/experiments/exp2_ablation/README.md,archive stale/historical material
submission_package/ejco_reproducibility_artifact/experiments/exp2_ablation/configs/ablation_plan.yaml,docs/archive/legacy_submission_packages/ejco_submission_package/ejco_reproducibility_artifact/experiments/exp2_ablation/configs/ablation_plan.yaml,archive stale/historical material
submission_package/ejco_reproducibility_artifact/experiments/exp2_ablation/configs/exp2_ablation_instances.txt,docs/archive/legacy_submission_packages/ejco_submission_package/ejco_reproducibility_artifact/experiments/exp2_ablation/configs/exp2_ablation_instances.txt,archive stale/historical material
submission_package/ejco_reproducibility_artifact/experiments/exp2_ablation/run_exp2_ablation_tmux.sh,docs/archive/legacy_submission_packages/ejco_submission_package/ejco_reproducibility_artifact/experiments/exp2_ablation/run_exp2_ablation_tmux.sh,archive stale/historical material
submission_package/ejco_reproducibility_artifact/experiments/exp2_ablation/summary/exp2_ablation_stats.json,docs/archive/legacy_submission_packages/ejco_submission_package/ejco_reproducibility_artifact/experiments/exp2_ablation/summary/exp2_ablation_stats.json,archive stale/historical material
submission_package/ejco_reproducibility_artifact/experiments/exp2_ablation/summary/exp2_ablation_template.md,docs/archive/legacy_submission_packages/ejco_submission_package/ejco_reproducibility_artifact/experiments/exp2_ablation/summary/exp2_ablation_template.md,archive stale/historical material
submission_package/ejco_reproducibility_artifact/experiments/exp3_exact_small/configs/exp3_config.yaml,docs/archive/legacy_submission_packages/ejco_submission_package/ejco_reproducibility_artifact/experiments/exp3_exact_small/configs/exp3_config.yaml,archive stale/historical material
submission_package/ejco_reproducibility_artifact/experiments/exp3_exact_small/run_exp3_exact_tmux.sh,docs/archive/legacy_submission_packages/ejco_submission_package/ejco_reproducibility_artifact/experiments/exp3_exact_small/run_exp3_exact_tmux.sh,archive stale/historical material
submission_package/ejco_reproducibility_artifact/experiments/exp3_exact_small/summary/exp3_exact_report.md,docs/archive/legacy_submission_packages/ejco_submission_package/ejco_reproducibility_artifact/experiments/exp3_exact_small/summary/exp3_exact_report.md,archive stale/historical material
submission_package/ejco_reproducibility_artifact/experiments/exp3_exact_small/summary/exp3_exact_stats.json,docs/archive/legacy_submission_packages/ejco_submission_package/ejco_reproducibility_artifact/experiments/exp3_exact_small/summary/exp3_exact_stats.json,archive stale/historical material
submission_package/ejco_reproducibility_artifact/experiments/exp4_external_baselines/baseline_registry.md,docs/archive/legacy_submission_packages/ejco_submission_package/ejco_reproducibility_artifact/experiments/exp4_external_baselines/baseline_registry.md,archive stale/historical material
submission_package/ejco_reproducibility_artifact/experiments/exp4_external_baselines/configs/exp4_instances.txt,docs/archive/legacy_submission_packages/ejco_submission_package/ejco_reproducibility_artifact/experiments/exp4_external_baselines/configs/exp4_instances.txt,archive stale/historical material
submission_package/ejco_reproducibility_artifact/experiments/exp4_external_baselines/configs/exp4_smoke_instances.txt,docs/archive/legacy_submission_packages/ejco_submission_package/ejco_reproducibility_artifact/experiments/exp4_external_baselines/configs/exp4_smoke_instances.txt,archive stale/historical material
submission_package/ejco_reproducibility_artifact/experiments/exp4_external_baselines/postprocess_exp4_external.py,docs/archive/legacy_submission_packages/ejco_submission_package/ejco_reproducibility_artifact/experiments/exp4_external_baselines/postprocess_exp4_external.py,archive stale/historical material
submission_package/ejco_reproducibility_artifact/experiments/exp4_external_baselines/run_exp4_benchmark.py,docs/archive/legacy_submission_packages/ejco_submission_package/ejco_reproducibility_artifact/experiments/exp4_external_baselines/run_exp4_benchmark.py,archive stale/historical material
submission_package/ejco_reproducibility_artifact/experiments/exp4_external_baselines/run_exp4_external_baselines_tmux.sh,docs/archive/legacy_submission_packages/ejco_submission_package/ejco_reproducibility_artifact/experiments/exp4_external_baselines/run_exp4_external_baselines_tmux.sh,archive stale/historical material
submission_package/ejco_reproducibility_artifact/experiments/exp4_external_baselines/run_exp4_smoke.sh,docs/archive/legacy_submission_packages/ejco_submission_package/ejco_reproducibility_artifact/experiments/exp4_external_baselines/run_exp4_smoke.sh,archive stale/historical material
submission_package/ejco_reproducibility_artifact/experiments/exp4_external_baselines/summary/exp4_external_report.md,docs/archive/legacy_submission_packages/ejco_submission_package/ejco_reproducibility_artifact/experiments/exp4_external_baselines/summary/exp4_external_report.md,archive stale/historical material
submission_package/ejco_reproducibility_artifact/experiments/exp4_external_baselines/summary/exp4_external_stats.json,docs/archive/legacy_submission_packages/ejco_submission_package/ejco_reproducibility_artifact/experiments/exp4_external_baselines/summary/exp4_external_stats.json,archive stale/historical material
submission_package/ejco_reproducibility_artifact/experiments/exp4_external_baselines/summary/exp4_external_summary.md,docs/archive/legacy_submission_packages/ejco_submission_package/ejco_reproducibility_artifact/experiments/exp4_external_baselines/summary/exp4_external_summary.md,archive stale/historical material
submission_package/ejco_reproducibility_artifact/experiments/exp4_external_baselines/summary/external_access_report.md,docs/archive/legacy_submission_packages/ejco_submission_package/ejco_reproducibility_artifact/experiments/exp4_external_baselines/summary/external_access_report.md,archive stale/historical material
submission_package/ejco_reproducibility_artifact/experiments/exp5_lolib_dense/README.md,docs/archive/legacy_submission_packages/ejco_submission_package/ejco_reproducibility_artifact/experiments/exp5_lolib_dense/README.md,archive stale/historical material
submission_package/ejco_reproducibility_artifact/experiments/exp5_lolib_dense/configs/exp5_lolib_instances.txt,docs/archive/legacy_submission_packages/ejco_submission_package/ejco_reproducibility_artifact/experiments/exp5_lolib_dense/configs/exp5_lolib_instances.txt,archive stale/historical material
submission_package/ejco_reproducibility_artifact/experiments/exp5_lolib_dense/configs/exp5_lolib_plan.yaml,docs/archive/legacy_submission_packages/ejco_submission_package/ejco_reproducibility_artifact/experiments/exp5_lolib_dense/configs/exp5_lolib_plan.yaml,archive stale/historical material
submission_package/ejco_reproducibility_artifact/experiments/exp5_lolib_dense/configs/exp5_lolib_smoke.txt,docs/archive/legacy_submission_packages/ejco_submission_package/ejco_reproducibility_artifact/experiments/exp5_lolib_dense/configs/exp5_lolib_smoke.txt,archive stale/historical material
submission_package/ejco_reproducibility_artifact/experiments/exp5_lolib_dense/configs/tiny_lolib_test.lop,docs/archive/legacy_submission_packages/ejco_submission_package/ejco_reproducibility_artifact/experiments/exp5_lolib_dense/configs/tiny_lolib_test.lop,archive stale/historical material
submission_package/ejco_reproducibility_artifact/experiments/exp5_lolib_dense/postprocess_exp5_lolib.py,docs/archive/legacy_submission_packages/ejco_submission_package/ejco_reproducibility_artifact/experiments/exp5_lolib_dense/postprocess_exp5_lolib.py,archive stale/historical material
submission_package/ejco_reproducibility_artifact/experiments/exp5_lolib_dense/run_exp5_lolib_benchmark.py,docs/archive/legacy_submission_packages/ejco_submission_package/ejco_reproducibility_artifact/experiments/exp5_lolib_dense/run_exp5_lolib_benchmark.py,archive stale/historical material
submission_package/ejco_reproducibility_artifact/experiments/exp5_lolib_dense/run_exp5_lolib_tmux.sh,docs/archive/legacy_submission_packages/ejco_submission_package/ejco_reproducibility_artifact/experiments/exp5_lolib_dense/run_exp5_lolib_tmux.sh,archive stale/historical material
submission_package/ejco_reproducibility_artifact/experiments/exp5_lolib_dense/summary/exp5_final_report.md,docs/archive/legacy_submission_packages/ejco_submission_package/ejco_reproducibility_artifact/experiments/exp5_lolib_dense/summary/exp5_final_report.md,archive stale/historical material
submission_package/ejco_reproducibility_artifact/experiments/exp5_lolib_dense/summary/exp5_lolib_access_report.md,docs/archive/legacy_submission_packages/ejco_submission_package/ejco_reproducibility_artifact/experiments/exp5_lolib_dense/summary/exp5_lolib_access_report.md,archive stale/historical material
submission_package/ejco_reproducibility_artifact/experiments/exp5_lolib_dense/summary/exp5_lolib_stats.json,docs/archive/legacy_submission_packages/ejco_submission_package/ejco_reproducibility_artifact/experiments/exp5_lolib_dense/summary/exp5_lolib_stats.json,archive stale/historical material
submission_package/ejco_reproducibility_artifact/experiments/exp5_lolib_dense/summary/exp5_lolib_summary.md,docs/archive/legacy_submission_packages/ejco_submission_package/ejco_reproducibility_artifact/experiments/exp5_lolib_dense/summary/exp5_lolib_summary.md,archive stale/historical material
submission_package/ejco_reproducibility_artifact/experiments/exp6_ipsns_budget_curve/README.md,docs/archive/legacy_submission_packages/ejco_submission_package/ejco_reproducibility_artifact/experiments/exp6_ipsns_budget_curve/README.md,archive stale/historical material
submission_package/ejco_reproducibility_artifact/experiments/exp6_ipsns_budget_curve/summary/exp6_final_report.md,docs/archive/legacy_submission_packages/ejco_submission_package/ejco_reproducibility_artifact/experiments/exp6_ipsns_budget_curve/summary/exp6_final_report.md,archive stale/historical material
submission_package/ejco_reproducibility_artifact/experiments/exp7_plain_local_search/README.md,docs/archive/legacy_submission_packages/ejco_submission_package/ejco_reproducibility_artifact/experiments/exp7_plain_local_search/README.md,archive stale/historical material
submission_package/ejco_reproducibility_artifact/experiments/exp7_plain_local_search/summary/exp7_final_report.md,docs/archive/legacy_submission_packages/ejco_submission_package/ejco_reproducibility_artifact/experiments/exp7_plain_local_search/summary/exp7_final_report.md,archive stale/historical material
submission_package/ejco_reproducibility_artifact/experiments/exp8_medium_mip_baseline/EXP8_STATUS_CHECK.md,docs/archive/legacy_submission_packages/ejco_submission_package/ejco_reproducibility_artifact/experiments/exp8_medium_mip_baseline/EXP8_STATUS_CHECK.md,archive stale/historical material
submission_package/ejco_reproducibility_artifact/experiments/exp8_medium_mip_baseline/README.md,docs/archive/legacy_submission_packages/ejco_submission_package/ejco_reproducibility_artifact/experiments/exp8_medium_mip_baseline/README.md,archive stale/historical material
submission_package/ejco_reproducibility_artifact/experiments/exp8_medium_mip_baseline/config/solver_availability.json,docs/archive/legacy_submission_packages/ejco_submission_package/ejco_reproducibility_artifact/experiments/exp8_medium_mip_baseline/config/solver_availability.json,archive stale/historical material
submission_package/ejco_reproducibility_artifact/experiments/exp8_medium_mip_baseline/config/solver_availability.md,docs/archive/legacy_submission_packages/ejco_submission_package/ejco_reproducibility_artifact/experiments/exp8_medium_mip_baseline/config/solver_availability.md,archive stale/historical material
submission_package/ejco_reproducibility_artifact/experiments/exp8_medium_mip_baseline/summary/exp8_final_report.md,docs/archive/legacy_submission_packages/ejco_submission_package/ejco_reproducibility_artifact/experiments/exp8_medium_mip_baseline/summary/exp8_final_report.md,archive stale/historical material
submission_package/ejco_reproducibility_artifact/experiments/exp8_medium_mip_baseline/summary/exp8_final_report_smoke.md,docs/archive/legacy_submission_packages/ejco_submission_package/ejco_reproducibility_artifact/experiments/exp8_medium_mip_baseline/summary/exp8_final_report_smoke.md,archive stale/historical material
submission_package/ejco_reproducibility_artifact/experiments/exp8_medium_mip_baseline/summary/exp8_mip_summary.json,docs/archive/legacy_submission_packages/ejco_submission_package/ejco_reproducibility_artifact/experiments/exp8_medium_mip_baseline/summary/exp8_mip_summary.json,archive stale/historical material
submission_package/ejco_reproducibility_artifact/experiments/exp8_medium_mip_baseline/summary/exp8_mip_summary_smoke.json,docs/archive/legacy_submission_packages/ejco_submission_package/ejco_reproducibility_artifact/experiments/exp8_medium_mip_baseline/summary/exp8_mip_summary_smoke.json,archive stale/historical material
submission_package/ejco_reproducibility_artifact/experiments/exp9_application_case/README.md,docs/archive/legacy_submission_packages/ejco_submission_package/ejco_reproducibility_artifact/experiments/exp9_application_case/README.md,archive stale/historical material
submission_package/ejco_reproducibility_artifact/experiments/exp9_application_case/candidate_local_files.txt,docs/archive/legacy_submission_packages/ejco_submission_package/ejco_reproducibility_artifact/experiments/exp9_application_case/candidate_local_files.txt,archive stale/historical material
submission_package/ejco_reproducibility_artifact/experiments/exp9_application_case/config/dataset_provenance.json,docs/archive/legacy_submission_packages/ejco_submission_package/ejco_reproducibility_artifact/experiments/exp9_application_case/config/dataset_provenance.json,archive stale/historical material
submission_package/ejco_reproducibility_artifact/experiments/exp9_application_case/config/dataset_provenance.md,docs/archive/legacy_submission_packages/ejco_submission_package/ejco_reproducibility_artifact/experiments/exp9_application_case/config/dataset_provenance.md,archive stale/historical material
submission_package/ejco_reproducibility_artifact/experiments/exp9_application_case/converted/wiki_vote_top10.d,docs/archive/legacy_submission_packages/ejco_submission_package/ejco_reproducibility_artifact/experiments/exp9_application_case/converted/wiki_vote_top10.d,archive stale/historical material
submission_package/ejco_reproducibility_artifact/experiments/exp9_application_case/converted/wiki_vote_top50.d,docs/archive/legacy_submission_packages/ejco_submission_package/ejco_reproducibility_artifact/experiments/exp9_application_case/converted/wiki_vote_top50.d,archive stale/historical material
submission_package/ejco_reproducibility_artifact/experiments/exp9_application_case/summary/exp9_final_report.md,docs/archive/legacy_submission_packages/ejco_submission_package/ejco_reproducibility_artifact/experiments/exp9_application_case/summary/exp9_final_report.md,archive stale/historical material
submission_package/ejco_reproducibility_artifact/requirements.txt,docs/archive/legacy_submission_packages/ejco_submission_package/ejco_reproducibility_artifact/requirements.txt,archive stale/historical material
submission_package/ejco_reproducibility_artifact/scripts/check_mip_solver_availability.py,docs/archive/legacy_submission_packages/ejco_submission_package/ejco_reproducibility_artifact/scripts/check_mip_solver_availability.py,archive stale/historical material
submission_package/ejco_reproducibility_artifact/scripts/convert_lolib_to_dimacs.py,docs/archive/legacy_submission_packages/ejco_submission_package/ejco_reproducibility_artifact/scripts/convert_lolib_to_dimacs.py,archive stale/historical material
submission_package/ejco_reproducibility_artifact/scripts/evaluate_order_lop.py,docs/archive/legacy_submission_packages/ejco_submission_package/ejco_reproducibility_artifact/scripts/evaluate_order_lop.py,archive stale/historical material
submission_package/ejco_reproducibility_artifact/scripts/postprocess_exp6_ipsns_budget_curve.py,docs/archive/legacy_submission_packages/ejco_submission_package/ejco_reproducibility_artifact/scripts/postprocess_exp6_ipsns_budget_curve.py,archive stale/historical material
submission_package/ejco_reproducibility_artifact/scripts/postprocess_exp7_plain_local_search.py,docs/archive/legacy_submission_packages/ejco_submission_package/ejco_reproducibility_artifact/scripts/postprocess_exp7_plain_local_search.py,archive stale/historical material
submission_package/ejco_reproducibility_artifact/scripts/postprocess_exp8_medium_mip_baseline.py,docs/archive/legacy_submission_packages/ejco_submission_package/ejco_reproducibility_artifact/scripts/postprocess_exp8_medium_mip_baseline.py,archive stale/historical material
submission_package/ejco_reproducibility_artifact/scripts/postprocess_exp9_application_case.py,docs/archive/legacy_submission_packages/ejco_submission_package/ejco_reproducibility_artifact/scripts/postprocess_exp9_application_case.py,archive stale/historical material
submission_package/ejco_reproducibility_artifact/scripts/prepare_exp9_application_case.py,docs/archive/legacy_submission_packages/ejco_submission_package/ejco_reproducibility_artifact/scripts/prepare_exp9_application_case.py,archive stale/historical material
submission_package/ejco_reproducibility_artifact/scripts/reproduce_all.py,docs/archive/legacy_submission_packages/ejco_submission_package/ejco_reproducibility_artifact/scripts/reproduce_all.py,archive stale/historical material
submission_package/ejco_reproducibility_artifact/scripts/run_borda.py,docs/archive/legacy_submission_packages/ejco_submission_package/ejco_reproducibility_artifact/scripts/run_borda.py,archive stale/historical material
submission_package/ejco_reproducibility_artifact/scripts/run_drmaciver_fas.py,docs/archive/legacy_submission_packages/ejco_submission_package/ejco_reproducibility_artifact/scripts/run_drmaciver_fas.py,archive stale/historical material
submission_package/ejco_reproducibility_artifact/scripts/run_exact.py,docs/archive/legacy_submission_packages/ejco_submission_package/ejco_reproducibility_artifact/scripts/run_exact.py,archive stale/historical material
submission_package/ejco_reproducibility_artifact/scripts/run_exp6_ipsns_budget_curve.py,docs/archive/legacy_submission_packages/ejco_submission_package/ejco_reproducibility_artifact/scripts/run_exp6_ipsns_budget_curve.py,archive stale/historical material
submission_package/ejco_reproducibility_artifact/scripts/run_exp7_plain_local_search.py,docs/archive/legacy_submission_packages/ejco_submission_package/ejco_reproducibility_artifact/scripts/run_exp7_plain_local_search.py,archive stale/historical material
submission_package/ejco_reproducibility_artifact/scripts/run_exp8_medium_mip_baseline.py,docs/archive/legacy_submission_packages/ejco_submission_package/ejco_reproducibility_artifact/scripts/run_exp8_medium_mip_baseline.py,archive stale/historical material
submission_package/ejco_reproducibility_artifact/scripts/run_exp9_application_case.py,docs/archive/legacy_submission_packages/ejco_submission_package/ejco_reproducibility_artifact/scripts/run_exp9_application_case.py,archive stale/historical material
submission_package/ejco_reproducibility_artifact/scripts/run_igraph_eades.py,docs/archive/legacy_submission_packages/ejco_submission_package/ejco_reproducibility_artifact/scripts/run_igraph_eades.py,archive stale/historical material
submission_package/ejco_reproducibility_artifact/scripts/run_ipsns.py,docs/archive/legacy_submission_packages/ejco_submission_package/ejco_reproducibility_artifact/scripts/run_ipsns.py,archive stale/historical material
submission_package/ejco_reproducibility_artifact/scripts/run_lrta.py,docs/archive/legacy_submission_packages/ejco_submission_package/ejco_reproducibility_artifact/scripts/run_lrta.py,archive stale/historical material
submission_package/ejco_reproducibility_artifact/scripts/run_random_baseline.py,docs/archive/legacy_submission_packages/ejco_submission_package/ejco_reproducibility_artifact/scripts/run_random_baseline.py,archive stale/historical material
submission_package/ejco_reproducibility_artifact/scripts/run_weighted_eades.py,docs/archive/legacy_submission_packages/ejco_submission_package/ejco_reproducibility_artifact/scripts/run_weighted_eades.py,archive stale/historical material
submission_package/ejco_reproducibility_artifact/scripts/run_wmsf.py,docs/archive/legacy_submission_packages/ejco_submission_package/ejco_reproducibility_artifact/scripts/run_wmsf.py,archive stale/historical material
submission_package/ejco_reproducibility_artifact/scripts/select_exp6_ipsns_budget_instances.py,docs/archive/legacy_submission_packages/ejco_submission_package/ejco_reproducibility_artifact/scripts/select_exp6_ipsns_budget_instances.py,archive stale/historical material
submission_package/ejco_reproducibility_artifact/scripts/select_exp8_medium_mip_instances.py,docs/archive/legacy_submission_packages/ejco_submission_package/ejco_reproducibility_artifact/scripts/select_exp8_medium_mip_instances.py,archive stale/historical material
submission_package/ejco_reproducibility_artifact/setup.py,docs/archive/legacy_submission_packages/ejco_submission_package/ejco_reproducibility_artifact/setup.py,archive stale/historical material
submission_package/ejco_reproducibility_artifact/src/mwfas/__init__.py,docs/archive/legacy_submission_packages/ejco_submission_package/ejco_reproducibility_artifact/src/mwfas/__init__.py,archive stale/historical material
submission_package/ejco_reproducibility_artifact/src/mwfas/baselines.py,docs/archive/legacy_submission_packages/ejco_submission_package/ejco_reproducibility_artifact/src/mwfas/baselines.py,archive stale/historical material
submission_package/ejco_reproducibility_artifact/src/mwfas/evaluation.py,docs/archive/legacy_submission_packages/ejco_submission_package/ejco_reproducibility_artifact/src/mwfas/evaluation.py,archive stale/historical material
submission_package/ejco_reproducibility_artifact/src/mwfas/exact.py,docs/archive/legacy_submission_packages/ejco_submission_package/ejco_reproducibility_artifact/src/mwfas/exact.py,archive stale/historical material
submission_package/ejco_reproducibility_artifact/src/mwfas/io.py,docs/archive/legacy_submission_packages/ejco_submission_package/ejco_reproducibility_artifact/src/mwfas/io.py,archive stale/historical material
submission_package/ejco_reproducibility_artifact/src/mwfas/ipsns.py,docs/archive/legacy_submission_packages/ejco_submission_package/ejco_reproducibility_artifact/src/mwfas/ipsns.py,archive stale/historical material
submission_package/ejco_reproducibility_artifact/src/mwfas/lrta.py,docs/archive/legacy_submission_packages/ejco_submission_package/ejco_reproducibility_artifact/src/mwfas/lrta.py,archive stale/historical material
submission_package/ejco_reproducibility_artifact/src/mwfas/wmsf.py,docs/archive/legacy_submission_packages/ejco_submission_package/ejco_reproducibility_artifact/src/mwfas/wmsf.py,archive stale/historical material
submission_package/ejco_source.zip,docs/archive/legacy_submission_packages/ejco_submission_package/ejco_source.zip,archive stale/historical material
paper/declarations/competing_interest.tex,docs/archive/legacy_submission_packages/ejco_submission_package/ejco_source/declarations/competing_interest.tex,archive stale/historical material
paper/declarations/credit_statement_nonanonymized.tex,docs/archive/legacy_submission_packages/ejco_submission_package/ejco_source/declarations/credit_statement_nonanonymized.tex,archive stale/historical material
paper/declarations/data_code_availability.tex,docs/archive/legacy_submission_packages/ejco_submission_package/ejco_source/declarations/data_code_availability.tex,archive stale/historical material
paper/declarations/funding_statement.tex,docs/archive/legacy_submission_packages/ejco_submission_package/ejco_source/declarations/funding_statement.tex,archive stale/historical material
paper/declarations/generative_ai_declaration.tex,docs/archive/legacy_submission_packages/ejco_submission_package/ejco_source/declarations/generative_ai_declaration.tex,archive stale/historical material
paper/elsarticle-harv.bst,docs/archive/legacy_submission_packages/ejco_submission_package/ejco_source/elsarticle-harv.bst,archive stale/historical material
paper/elsarticle.cls,docs/archive/legacy_submission_packages/ejco_submission_package/ejco_source/elsarticle.cls,archive stale/historical material
paper/figures/exp4_relative_bw.pdf,docs/archive/legacy_submission_packages/ejco_submission_package/ejco_source/figures/exp4_relative_bw.pdf,archive stale/historical material
paper/figures/exp4_win_counts.pdf,docs/archive/legacy_submission_packages/ejco_submission_package/ejco_source/figures/exp4_win_counts.pdf,archive stale/historical material
paper/figures/exp5_lolib_scope.pdf,docs/archive/legacy_submission_packages/ejco_submission_package/ejco_source/figures/exp5_lolib_scope.pdf,archive stale/historical material
paper/figures/exp6_ipsns_budget_curve.pdf,docs/archive/legacy_submission_packages/ejco_submission_package/ejco_source/figures/exp6_ipsns_budget_curve.pdf,archive stale/historical material
paper/figures/framework_overview.tex,docs/archive/legacy_submission_packages/ejco_submission_package/ejco_source/figures/framework_overview.tex,archive stale/historical material
paper/main.tex,docs/archive/legacy_submission_packages/ejco_submission_package/ejco_source/main.tex,archive stale/historical material
submission_package/ejco_source/references.bib,docs/archive/legacy_submission_packages/ejco_submission_package/ejco_source/references.bib,archive stale/historical material
paper/sections/01_introduction.tex,docs/archive/legacy_submission_packages/ejco_submission_package/ejco_source/sections/01_introduction.tex,archive stale/historical material
paper/sections/02_related_work.tex,docs/archive/legacy_submission_packages/ejco_submission_package/ejco_source/sections/02_related_work.tex,archive stale/historical material
paper/sections/03_problem_definition.tex,docs/archive/legacy_submission_packages/ejco_submission_package/ejco_source/sections/03_problem_definition.tex,archive stale/historical material
paper/sections/04_algorithmic_framework.tex,docs/archive/legacy_submission_packages/ejco_submission_package/ejco_source/sections/04_algorithmic_framework.tex,archive stale/historical material
paper/sections/05_experimental_design.tex,docs/archive/legacy_submission_packages/ejco_submission_package/ejco_source/sections/05_experimental_design.tex,archive stale/historical material
paper/sections/06_results.tex,docs/archive/legacy_submission_packages/ejco_submission_package/ejco_source/sections/06_results.tex,archive stale/historical material
paper/sections/07_discussion.tex,docs/archive/legacy_submission_packages/ejco_submission_package/ejco_source/sections/07_discussion.tex,archive stale/historical material
paper/sections/08_conclusion.tex,docs/archive/legacy_submission_packages/ejco_submission_package/ejco_source/sections/08_conclusion.tex,archive stale/historical material
paper/tables/table_ablation.tex,docs/archive/legacy_submission_packages/ejco_submission_package/ejco_source/tables/table_ablation.tex,archive stale/historical material
paper/tables/table_algorithm_components.tex,docs/archive/legacy_submission_packages/ejco_submission_package/ejco_source/tables/table_algorithm_components.tex,archive stale/historical material
paper/tables/table_algorithm_invariants.tex,docs/archive/legacy_submission_packages/ejco_submission_package/ejco_source/tables/table_algorithm_invariants.tex,archive stale/historical material
paper/tables/table_application_case.tex,docs/archive/legacy_submission_packages/ejco_submission_package/ejco_source/tables/table_application_case.tex,archive stale/historical material
paper/tables/table_exact_validation.tex,docs/archive/legacy_submission_packages/ejco_submission_package/ejco_source/tables/table_exact_validation.tex,archive stale/historical material
paper/tables/table_experiment_overview.tex,docs/archive/legacy_submission_packages/ejco_submission_package/ejco_source/tables/table_experiment_overview.tex,archive stale/historical material
paper/tables/table_ipsns_budget_curve.tex,docs/archive/legacy_submission_packages/ejco_submission_package/ejco_source/tables/table_ipsns_budget_curve.tex,archive stale/historical material
paper/tables/table_lolib_scope.tex,docs/archive/legacy_submission_packages/ejco_submission_package/ejco_source/tables/table_lolib_scope.tex,archive stale/historical material
paper/tables/table_medium_mip_baseline.tex,docs/archive/legacy_submission_packages/ejco_submission_package/ejco_source/tables/table_medium_mip_baseline.tex,archive stale/historical material
paper/tables/table_paired_sparse_tests.tex,docs/archive/legacy_submission_packages/ejco_submission_package/ejco_source/tables/table_paired_sparse_tests.tex,archive stale/historical material
paper/tables/table_plain_local_search.tex,docs/archive/legacy_submission_packages/ejco_submission_package/ejco_source/tables/table_plain_local_search.tex,archive stale/historical material
paper/tables/table_sparse_external_baselines.tex,docs/archive/legacy_submission_packages/ejco_submission_package/ejco_source/tables/table_sparse_external_baselines.tex,archive stale/historical material
paper/tables/table_structural_diagnostic.tex,docs/archive/legacy_submission_packages/ejco_submission_package/ejco_source/tables/table_structural_diagnostic.tex,archive stale/historical material
paper/title_page.tex,docs/archive/legacy_submission_packages/ejco_submission_package/ejco_source/title_page.tex,archive stale/historical material
submission_package/main.pdf,docs/archive/legacy_submission_packages/ejco_submission_package/main.pdf,archive stale/historical material
paper/.gitignore,docs/archive/predecessor_manuscripts/paper_legacy_pre_coap/.gitignore,archive stale/historical material
paper/README.md,docs/archive/predecessor_manuscripts/paper_legacy_pre_coap/README.md,archive stale/historical material
paper/cover_letter_draft.pdf,docs/archive/predecessor_manuscripts/paper_legacy_pre_coap/cover_letter_draft.pdf,archive stale/historical material
paper/cover_letter_draft.tex,docs/archive/predecessor_manuscripts/paper_legacy_pre_coap/cover_letter_draft.tex,archive stale/historical material
submission_package/ejco_source/declarations/competing_interest.tex,docs/archive/predecessor_manuscripts/paper_legacy_pre_coap/declarations/competing_interest.tex,archive stale/historical material
paper/declarations/credit_statement.tex,docs/archive/predecessor_manuscripts/paper_legacy_pre_coap/declarations/credit_statement.tex,archive stale/historical material
submission_package/ejco_source/declarations/credit_statement_nonanonymized.tex,docs/archive/predecessor_manuscripts/paper_legacy_pre_coap/declarations/credit_statement_nonanonymized.tex,archive stale/historical material
submission_package/ejco_source/declarations/data_code_availability.tex,docs/archive/predecessor_manuscripts/paper_legacy_pre_coap/declarations/data_code_availability.tex,archive stale/historical material
paper/declarations/data_code_availability_anonymized.tex,docs/archive/predecessor_manuscripts/paper_legacy_pre_coap/declarations/data_code_availability_anonymized.tex,archive stale/historical material
submission_package/ejco_source/declarations/funding_statement.tex,docs/archive/predecessor_manuscripts/paper_legacy_pre_coap/declarations/funding_statement.tex,archive stale/historical material
submission_package/ejco_source/declarations/generative_ai_declaration.tex,docs/archive/predecessor_manuscripts/paper_legacy_pre_coap/declarations/generative_ai_declaration.tex,archive stale/historical material
submission_package/ejco_source/elsarticle-harv.bst,docs/archive/predecessor_manuscripts/paper_legacy_pre_coap/elsarticle-harv.bst,archive stale/historical material
paper/elsarticle-num.bst,docs/archive/predecessor_manuscripts/paper_legacy_pre_coap/elsarticle-num.bst,archive stale/historical material
submission_package/ejco_source/elsarticle.cls,docs/archive/predecessor_manuscripts/paper_legacy_pre_coap/elsarticle.cls,archive stale/historical material
submission_package/ejco_source/figures/exp4_relative_bw.pdf,docs/archive/predecessor_manuscripts/paper_legacy_pre_coap/figures/exp4_relative_bw.pdf,archive stale/historical material
submission_package/ejco_source/figures/exp4_win_counts.pdf,docs/archive/predecessor_manuscripts/paper_legacy_pre_coap/figures/exp4_win_counts.pdf,archive stale/historical material
submission_package/ejco_source/figures/exp5_lolib_scope.pdf,docs/archive/predecessor_manuscripts/paper_legacy_pre_coap/figures/exp5_lolib_scope.pdf,archive stale/historical material
submission_package/ejco_source/figures/exp6_ipsns_budget_curve.pdf,docs/archive/predecessor_manuscripts/paper_legacy_pre_coap/figures/exp6_ipsns_budget_curve.pdf,archive stale/historical material
submission_package/ejco_source/figures/framework_overview.tex,docs/archive/predecessor_manuscripts/paper_legacy_pre_coap/figures/framework_overview.tex,archive stale/historical material
paper/highlights.pdf,docs/archive/predecessor_manuscripts/paper_legacy_pre_coap/highlights.pdf,archive stale/historical material
paper/highlights.tex,docs/archive/predecessor_manuscripts/paper_legacy_pre_coap/highlights.tex,archive stale/historical material
submission_package/ejco_files_for_upload/highlights.txt,docs/archive/predecessor_manuscripts/paper_legacy_pre_coap/highlights.txt,archive stale/historical material
submission_package/ejco_source/main.tex,docs/archive/predecessor_manuscripts/paper_legacy_pre_coap/main.tex,archive stale/historical material
paper/main_anonymized.tex,docs/archive/predecessor_manuscripts/paper_legacy_pre_coap/main_anonymized.tex,archive stale/historical material
paper/notes/README.md,docs/archive/predecessor_manuscripts/paper_legacy_pre_coap/notes/README.md,archive stale/historical material
paper/notes/anonymous_artifact_plan.md,docs/archive/predecessor_manuscripts/paper_legacy_pre_coap/notes/anonymous_artifact_plan.md,archive stale/historical material
paper/notes/artifact_validation/artifact_anonymity_report.md,docs/archive/predecessor_manuscripts/paper_legacy_pre_coap/notes/artifact_validation/artifact_anonymity_report.md,archive stale/historical material
paper/notes/artifact_validation/artifact_checksums.txt,docs/archive/predecessor_manuscripts/paper_legacy_pre_coap/notes/artifact_validation/artifact_checksums.txt,archive stale/historical material
paper/notes/artifact_validation/artifact_manifest.json,docs/archive/predecessor_manuscripts/paper_legacy_pre_coap/notes/artifact_validation/artifact_manifest.json,archive stale/historical material
paper/notes/artifact_validation/artifact_manifest.md,docs/archive/predecessor_manuscripts/paper_legacy_pre_coap/notes/artifact_validation/artifact_manifest.md,archive stale/historical material
paper/notes/available_result_files_for_stats.txt,docs/archive/predecessor_manuscripts/paper_legacy_pre_coap/notes/available_result_files_for_stats.txt,archive stale/historical material
paper/notes/bibliography_extraction_report.md,docs/archive/predecessor_manuscripts/paper_legacy_pre_coap/notes/bibliography_extraction_report.md,archive stale/historical material
paper/notes/caie_author_guidelines.md,docs/archive/predecessor_manuscripts/paper_legacy_pre_coap/notes/caie_author_guidelines.md,archive stale/historical material
paper/notes/caie_revision_pass_1.md,docs/archive/predecessor_manuscripts/paper_legacy_pre_coap/notes/caie_revision_pass_1.md,archive stale/historical material
paper/notes/caie_revision_pass_1_checks/anonymity_scan.json,docs/archive/predecessor_manuscripts/paper_legacy_pre_coap/notes/caie_revision_pass_1_checks/anonymity_scan.json,archive stale/historical material
paper/notes/caie_revision_pass_1_checks/main_anonymized_identity_text.txt,docs/archive/predecessor_manuscripts/paper_legacy_pre_coap/notes/caie_revision_pass_1_checks/main_anonymized_identity_text.txt,archive stale/historical material
paper/notes/caie_revision_pass_1_checks/main_anonymized_text.txt,docs/archive/predecessor_manuscripts/paper_legacy_pre_coap/notes/caie_revision_pass_1_checks/main_anonymized_text.txt,archive stale/historical material
paper/notes/caie_revision_pass_1_checks/meta_commentary_scan.json,docs/archive/predecessor_manuscripts/paper_legacy_pre_coap/notes/caie_revision_pass_1_checks/meta_commentary_scan.json,archive stale/historical material
paper/notes/caie_revision_pass_1_checks/meta_commentary_scan.md,docs/archive/predecessor_manuscripts/paper_legacy_pre_coap/notes/caie_revision_pass_1_checks/meta_commentary_scan.md,archive stale/historical material
paper/notes/caie_revision_pass_1_checks/post_reference_float_check.json,docs/archive/predecessor_manuscripts/paper_legacy_pre_coap/notes/caie_revision_pass_1_checks/post_reference_float_check.json,archive stale/historical material
paper/notes/caie_revision_pass_1_checks/post_reference_float_check.md,docs/archive/predecessor_manuscripts/paper_legacy_pre_coap/notes/caie_revision_pass_1_checks/post_reference_float_check.md,archive stale/historical material
paper/notes/compile_check.md,docs/archive/predecessor_manuscripts/paper_legacy_pre_coap/notes/compile_check.md,archive stale/historical material
paper/notes/computational_environment/README.md,docs/archive/predecessor_manuscripts/paper_legacy_pre_coap/notes/computational_environment/README.md,archive stale/historical material
paper/notes/computational_environment/anonymity_style_scan.json,docs/archive/predecessor_manuscripts/paper_legacy_pre_coap/notes/computational_environment/anonymity_style_scan.json,archive stale/historical material
paper/notes/computational_environment/main_anonymized_text_after_env.txt,docs/archive/predecessor_manuscripts/paper_legacy_pre_coap/notes/computational_environment/main_anonymized_text_after_env.txt,archive stale/historical material
paper/notes/computational_environment/system_info_raw.txt,docs/archive/predecessor_manuscripts/paper_legacy_pre_coap/notes/computational_environment/system_info_raw.txt,archive stale/historical material
paper/notes/computational_environment/system_info_sanitized.md,docs/archive/predecessor_manuscripts/paper_legacy_pre_coap/notes/computational_environment/system_info_sanitized.md,archive stale/historical material
paper/notes/download_folder_refresh/download_upload_match.json,docs/archive/predecessor_manuscripts/paper_legacy_pre_coap/notes/download_folder_refresh/download_upload_match.json,archive stale/historical material
paper/notes/download_folder_refresh/download_upload_match.md,docs/archive/predecessor_manuscripts/paper_legacy_pre_coap/notes/download_folder_refresh/download_upload_match.md,archive stale/historical material
paper/notes/download_folder_refresh/main_anonymized_download_scan.json,docs/archive/predecessor_manuscripts/paper_legacy_pre_coap/notes/download_folder_refresh/main_anonymized_download_scan.json,archive stale/historical material
paper/notes/download_folder_refresh/main_anonymized_download_scan.md,docs/archive/predecessor_manuscripts/paper_legacy_pre_coap/notes/download_folder_refresh/main_anonymized_download_scan.md,archive stale/historical material
paper/notes/download_folder_refresh/main_anonymized_download_text.txt,docs/archive/predecessor_manuscripts/paper_legacy_pre_coap/notes/download_folder_refresh/main_anonymized_download_text.txt,archive stale/historical material
paper/notes/drmaciver_baseline_revision.md,docs/archive/predecessor_manuscripts/paper_legacy_pre_coap/notes/drmaciver_baseline_revision.md,archive stale/historical material
paper/notes/drmaciver_baseline_revision_checks/anonymity_scan.json,docs/archive/predecessor_manuscripts/paper_legacy_pre_coap/notes/drmaciver_baseline_revision_checks/anonymity_scan.json,archive stale/historical material
paper/notes/drmaciver_baseline_revision_checks/main_anonymized_text.txt,docs/archive/predecessor_manuscripts/paper_legacy_pre_coap/notes/drmaciver_baseline_revision_checks/main_anonymized_text.txt,archive stale/historical material
paper/notes/drmaciver_baseline_revision_sanity.json,docs/archive/predecessor_manuscripts/paper_legacy_pre_coap/notes/drmaciver_baseline_revision_sanity.json,archive stale/historical material
paper/notes/drmaciver_terminology_consistency.md,docs/archive/predecessor_manuscripts/paper_legacy_pre_coap/notes/drmaciver_terminology_consistency.md,archive stale/historical material
paper/notes/drmaciver_terminology_consistency_checks/main_anonymized_text.txt,docs/archive/predecessor_manuscripts/paper_legacy_pre_coap/notes/drmaciver_terminology_consistency_checks/main_anonymized_text.txt,archive stale/historical material
paper/notes/drmaciver_terminology_consistency_checks/terminology_anonymity_scan.json,docs/archive/predecessor_manuscripts/paper_legacy_pre_coap/notes/drmaciver_terminology_consistency_checks/terminology_anonymity_scan.json,archive stale/historical material
paper/notes/exp6_ipsns_budget_curve/README.md,docs/archive/predecessor_manuscripts/paper_legacy_pre_coap/notes/exp6_ipsns_budget_curve/README.md,archive stale/historical material
paper/notes/exp7_plain_local_search/README.md,docs/archive/predecessor_manuscripts/paper_legacy_pre_coap/notes/exp7_plain_local_search/README.md,archive stale/historical material
paper/notes/exp7_plain_local_search/anonymity_style_scan.json,docs/archive/predecessor_manuscripts/paper_legacy_pre_coap/notes/exp7_plain_local_search/anonymity_style_scan.json,archive stale/historical material
paper/notes/exp7_plain_local_search/main_anonymized_text_after_exp7.txt,docs/archive/predecessor_manuscripts/paper_legacy_pre_coap/notes/exp7_plain_local_search/main_anonymized_text_after_exp7.txt,archive stale/historical material
paper/notes/exp8_medium_mip_baseline/README.md,docs/archive/predecessor_manuscripts/paper_legacy_pre_coap/notes/exp8_medium_mip_baseline/README.md,archive stale/historical material
paper/notes/exp8_medium_mip_baseline/anonymity_style_scan.json,docs/archive/predecessor_manuscripts/paper_legacy_pre_coap/notes/exp8_medium_mip_baseline/anonymity_style_scan.json,archive stale/historical material
paper/notes/exp8_medium_mip_baseline/main_anonymized_text_after_exp8.txt,docs/archive/predecessor_manuscripts/paper_legacy_pre_coap/notes/exp8_medium_mip_baseline/main_anonymized_text_after_exp8.txt,archive stale/historical material
paper/notes/exp9_application_case/README.md,docs/archive/predecessor_manuscripts/paper_legacy_pre_coap/notes/exp9_application_case/README.md,archive stale/historical material
paper/notes/exp9_application_case/anonymity_style_scan.json,docs/archive/predecessor_manuscripts/paper_legacy_pre_coap/notes/exp9_application_case/anonymity_style_scan.json,archive stale/historical material
paper/notes/exp9_application_case/main_anonymized_text_after_exp9.txt,docs/archive/predecessor_manuscripts/paper_legacy_pre_coap/notes/exp9_application_case/main_anonymized_text_after_exp9.txt,archive stale/historical material
paper/notes/experiment_gap_audit.md,docs/archive/predecessor_manuscripts/paper_legacy_pre_coap/notes/experiment_gap_audit.md,archive stale/historical material
paper/notes/experimental_risk_reduction/README.md,docs/archive/predecessor_manuscripts/paper_legacy_pre_coap/notes/experimental_risk_reduction/README.md,archive stale/historical material
paper/notes/experimental_risk_reduction/anonymity_style_scan.json,docs/archive/predecessor_manuscripts/paper_legacy_pre_coap/notes/experimental_risk_reduction/anonymity_style_scan.json,archive stale/historical material
paper/notes/experimental_risk_reduction/ipsns_gain_concentration.json,docs/archive/predecessor_manuscripts/paper_legacy_pre_coap/notes/experimental_risk_reduction/ipsns_gain_concentration.json,archive stale/historical material
paper/notes/experimental_risk_reduction/ipsns_gain_concentration.md,docs/archive/predecessor_manuscripts/paper_legacy_pre_coap/notes/experimental_risk_reduction/ipsns_gain_concentration.md,archive stale/historical material
paper/notes/experimental_risk_reduction/main_anonymized_text_after_risk_reduction.txt,docs/archive/predecessor_manuscripts/paper_legacy_pre_coap/notes/experimental_risk_reduction/main_anonymized_text_after_risk_reduction.txt,archive stale/historical material
paper/notes/experimental_risk_reduction/paired_sparse_tests.json,docs/archive/predecessor_manuscripts/paper_legacy_pre_coap/notes/experimental_risk_reduction/paired_sparse_tests.json,archive stale/historical material
paper/notes/experimental_risk_reduction/paired_sparse_tests.md,docs/archive/predecessor_manuscripts/paper_legacy_pre_coap/notes/experimental_risk_reduction/paired_sparse_tests.md,archive stale/historical material
paper/notes/experimental_risk_reduction/runtime_quality_summary.json,docs/archive/predecessor_manuscripts/paper_legacy_pre_coap/notes/experimental_risk_reduction/runtime_quality_summary.json,archive stale/historical material
paper/notes/experimental_risk_reduction/runtime_quality_summary.md,docs/archive/predecessor_manuscripts/paper_legacy_pre_coap/notes/experimental_risk_reduction/runtime_quality_summary.md,archive stale/historical material
paper/notes/experimental_risk_reduction/sparse_dense_diagnostic.json,docs/archive/predecessor_manuscripts/paper_legacy_pre_coap/notes/experimental_risk_reduction/sparse_dense_diagnostic.json,archive stale/historical material
paper/notes/experimental_risk_reduction/sparse_dense_diagnostic.md,docs/archive/predecessor_manuscripts/paper_legacy_pre_coap/notes/experimental_risk_reduction/sparse_dense_diagnostic.md,archive stale/historical material
paper/notes/final_contact_pass/artifact_email_rescan.json,docs/archive/predecessor_manuscripts/paper_legacy_pre_coap/notes/final_contact_pass/artifact_email_rescan.json,archive stale/historical material
paper/notes/final_contact_pass/artifact_email_rescan.md,docs/archive/predecessor_manuscripts/paper_legacy_pre_coap/notes/final_contact_pass/artifact_email_rescan.md,archive stale/historical material
paper/notes/final_contact_pass/cover_letter_draft_text.txt,docs/archive/predecessor_manuscripts/paper_legacy_pre_coap/notes/final_contact_pass/cover_letter_draft_text.txt,archive stale/historical material
paper/notes/final_contact_pass/final_contact_report.md,docs/archive/predecessor_manuscripts/paper_legacy_pre_coap/notes/final_contact_pass/final_contact_report.md,archive stale/historical material
paper/notes/final_contact_pass/main_anonymized_text.txt,docs/archive/predecessor_manuscripts/paper_legacy_pre_coap/notes/final_contact_pass/main_anonymized_text.txt,archive stale/historical material
paper/notes/final_contact_pass/pdf_contact_scan.json,docs/archive/predecessor_manuscripts/paper_legacy_pre_coap/notes/final_contact_pass/pdf_contact_scan.json,archive stale/historical material
paper/notes/final_contact_pass/pdf_contact_scan.md,docs/archive/predecessor_manuscripts/paper_legacy_pre_coap/notes/final_contact_pass/pdf_contact_scan.md,archive stale/historical material
paper/notes/final_contact_pass/placeholders_after.txt,docs/archive/predecessor_manuscripts/paper_legacy_pre_coap/notes/final_contact_pass/placeholders_after.txt,archive stale/historical material
paper/notes/final_contact_pass/placeholders_before.txt,docs/archive/predecessor_manuscripts/paper_legacy_pre_coap/notes/final_contact_pass/placeholders_before.txt,archive stale/historical material
paper/notes/final_contact_pass/title_page_text.txt,docs/archive/predecessor_manuscripts/paper_legacy_pre_coap/notes/final_contact_pass/title_page_text.txt,archive stale/historical material
paper/notes/final_layout_readability_audit/anonymity_style_scan.json,docs/archive/predecessor_manuscripts/paper_legacy_pre_coap/notes/final_layout_readability_audit/anonymity_style_scan.json,archive stale/historical material
paper/notes/final_layout_readability_audit/final_layout_audit.json,docs/archive/predecessor_manuscripts/paper_legacy_pre_coap/notes/final_layout_readability_audit/final_layout_audit.json,archive stale/historical material
paper/notes/final_layout_readability_audit/final_layout_audit.md,docs/archive/predecessor_manuscripts/paper_legacy_pre_coap/notes/final_layout_readability_audit/final_layout_audit.md,archive stale/historical material
paper/notes/final_layout_readability_audit/main_anonymized_text.txt,docs/archive/predecessor_manuscripts/paper_legacy_pre_coap/notes/final_layout_readability_audit/main_anonymized_text.txt,archive stale/historical material
paper/notes/final_layout_readability_audit/main_anonymized_text_final_layout.txt,docs/archive/predecessor_manuscripts/paper_legacy_pre_coap/notes/final_layout_readability_audit/main_anonymized_text_final_layout.txt,archive stale/historical material
paper/notes/final_placeholder_pass/cover_letter_draft_text.txt,docs/archive/predecessor_manuscripts/paper_legacy_pre_coap/notes/final_placeholder_pass/cover_letter_draft_text.txt,archive stale/historical material
paper/notes/final_placeholder_pass/final_placeholder_report.md,docs/archive/predecessor_manuscripts/paper_legacy_pre_coap/notes/final_placeholder_pass/final_placeholder_report.md,archive stale/historical material
paper/notes/final_placeholder_pass/main_anonymized_text.txt,docs/archive/predecessor_manuscripts/paper_legacy_pre_coap/notes/final_placeholder_pass/main_anonymized_text.txt,archive stale/historical material
paper/notes/final_placeholder_pass/pdf_placeholder_scan.json,docs/archive/predecessor_manuscripts/paper_legacy_pre_coap/notes/final_placeholder_pass/pdf_placeholder_scan.json,archive stale/historical material
paper/notes/final_placeholder_pass/pdf_placeholder_scan.md,docs/archive/predecessor_manuscripts/paper_legacy_pre_coap/notes/final_placeholder_pass/pdf_placeholder_scan.md,archive stale/historical material
paper/notes/final_placeholder_pass/placeholder_locations_after.txt,docs/archive/predecessor_manuscripts/paper_legacy_pre_coap/notes/final_placeholder_pass/placeholder_locations_after.txt,archive stale/historical material
paper/notes/final_placeholder_pass/placeholder_locations_before.txt,docs/archive/predecessor_manuscripts/paper_legacy_pre_coap/notes/final_placeholder_pass/placeholder_locations_before.txt,archive stale/historical material
paper/notes/final_placeholder_pass/title_page_text.txt,docs/archive/predecessor_manuscripts/paper_legacy_pre_coap/notes/final_placeholder_pass/title_page_text.txt,archive stale/historical material
paper/notes/final_readthrough/compile_warning_delta.json,docs/archive/predecessor_manuscripts/paper_legacy_pre_coap/notes/final_readthrough/compile_warning_delta.json,archive stale/historical material
paper/notes/final_readthrough/compile_warning_report.json,docs/archive/predecessor_manuscripts/paper_legacy_pre_coap/notes/final_readthrough/compile_warning_report.json,archive stale/historical material
paper/notes/final_readthrough/compile_warning_report.md,docs/archive/predecessor_manuscripts/paper_legacy_pre_coap/notes/final_readthrough/compile_warning_report.md,archive stale/historical material
paper/notes/final_readthrough/cover_letter_draft_text.txt,docs/archive/predecessor_manuscripts/paper_legacy_pre_coap/notes/final_readthrough/cover_letter_draft_text.txt,archive stale/historical material
paper/notes/final_readthrough/final_submission_readiness_report.md,docs/archive/predecessor_manuscripts/paper_legacy_pre_coap/notes/final_readthrough/final_submission_readiness_report.md,archive stale/historical material
paper/notes/final_readthrough/main_anonymized_text.txt,docs/archive/predecessor_manuscripts/paper_legacy_pre_coap/notes/final_readthrough/main_anonymized_text.txt,archive stale/historical material
paper/notes/final_readthrough/pdf_inventory.json,docs/archive/predecessor_manuscripts/paper_legacy_pre_coap/notes/final_readthrough/pdf_inventory.json,archive stale/historical material
paper/notes/final_readthrough/pdf_inventory.md,docs/archive/predecessor_manuscripts/paper_legacy_pre_coap/notes/final_readthrough/pdf_inventory.md,archive stale/historical material
paper/notes/final_readthrough/pdf_text_scan.json,docs/archive/predecessor_manuscripts/paper_legacy_pre_coap/notes/final_readthrough/pdf_text_scan.json,archive stale/historical material
paper/notes/final_readthrough/pdf_text_scan.md,docs/archive/predecessor_manuscripts/paper_legacy_pre_coap/notes/final_readthrough/pdf_text_scan.md,archive stale/historical material
paper/notes/final_readthrough/title_page_text.txt,docs/archive/predecessor_manuscripts/paper_legacy_pre_coap/notes/final_readthrough/title_page_text.txt,archive stale/historical material
paper/notes/final_submission_audit/FINAL_UPLOAD_CHECKLIST.md,docs/archive/predecessor_manuscripts/paper_legacy_pre_coap/notes/final_submission_audit/FINAL_UPLOAD_CHECKLIST.md,archive stale/historical material
paper/notes/final_submission_audit/abstract_keywords_anonymity_style_scan.json,docs/archive/predecessor_manuscripts/paper_legacy_pre_coap/notes/final_submission_audit/abstract_keywords_anonymity_style_scan.json,archive stale/historical material
paper/notes/final_submission_audit/abstract_keywords_length_check.json,docs/archive/predecessor_manuscripts/paper_legacy_pre_coap/notes/final_submission_audit/abstract_keywords_length_check.json,archive stale/historical material
paper/notes/final_submission_audit/abstract_keywords_length_check.md,docs/archive/predecessor_manuscripts/paper_legacy_pre_coap/notes/final_submission_audit/abstract_keywords_length_check.md,archive stale/historical material
paper/notes/final_submission_audit/artifact_zip_scan.json,docs/archive/predecessor_manuscripts/paper_legacy_pre_coap/notes/final_submission_audit/artifact_zip_scan.json,archive stale/historical material
paper/notes/final_submission_audit/declarations_check.json,docs/archive/predecessor_manuscripts/paper_legacy_pre_coap/notes/final_submission_audit/declarations_check.json,archive stale/historical material
paper/notes/final_submission_audit/figure1_tikz_compliance_note.md,docs/archive/predecessor_manuscripts/paper_legacy_pre_coap/notes/final_submission_audit/figure1_tikz_compliance_note.md,archive stale/historical material
paper/notes/final_submission_audit/final_submission_readiness_report.md,docs/archive/predecessor_manuscripts/paper_legacy_pre_coap/notes/final_submission_audit/final_submission_readiness_report.md,archive stale/historical material
paper/notes/final_submission_audit/git_tracking_check.json,docs/archive/predecessor_manuscripts/paper_legacy_pre_coap/notes/final_submission_audit/git_tracking_check.json,archive stale/historical material
paper/notes/final_submission_audit/highlights_check.json,docs/archive/predecessor_manuscripts/paper_legacy_pre_coap/notes/final_submission_audit/highlights_check.json,archive stale/historical material
paper/notes/final_submission_audit/pdf_metadata_scan.json,docs/archive/predecessor_manuscripts/paper_legacy_pre_coap/notes/final_submission_audit/pdf_metadata_scan.json,archive stale/historical material
paper/notes/final_submission_audit/pdf_text/cover_letter.txt,docs/archive/predecessor_manuscripts/paper_legacy_pre_coap/notes/final_submission_audit/pdf_text/cover_letter.txt,archive stale/historical material
paper/notes/final_submission_audit/pdf_text/main_anonymized.txt,docs/archive/predecessor_manuscripts/paper_legacy_pre_coap/notes/final_submission_audit/pdf_text/main_anonymized.txt,archive stale/historical material
paper/notes/final_submission_audit/pdf_text/title_page.txt,docs/archive/predecessor_manuscripts/paper_legacy_pre_coap/notes/final_submission_audit/pdf_text/title_page.txt,archive stale/historical material
paper/notes/final_submission_audit/pdf_text_scan.json,docs/archive/predecessor_manuscripts/paper_legacy_pre_coap/notes/final_submission_audit/pdf_text_scan.json,archive stale/historical material
paper/notes/final_submission_audit/staleness_check.json,docs/archive/predecessor_manuscripts/paper_legacy_pre_coap/notes/final_submission_audit/staleness_check.json,archive stale/historical material
paper/notes/final_submission_audit/upload_download_match.json,docs/archive/predecessor_manuscripts/paper_legacy_pre_coap/notes/final_submission_audit/upload_download_match.json,archive stale/historical material
paper/notes/final_submission_package_checklist.md,docs/archive/predecessor_manuscripts/paper_legacy_pre_coap/notes/final_submission_package_checklist.md,archive stale/historical material
paper/notes/final_upload_audit/abstract_highlights_check.json,docs/archive/predecessor_manuscripts/paper_legacy_pre_coap/notes/final_upload_audit/abstract_highlights_check.json,archive stale/historical material
paper/notes/final_upload_audit/abstract_highlights_check.md,docs/archive/predecessor_manuscripts/paper_legacy_pre_coap/notes/final_upload_audit/abstract_highlights_check.md,archive stale/historical material
paper/notes/final_upload_audit/artifact_rescan.json,docs/archive/predecessor_manuscripts/paper_legacy_pre_coap/notes/final_upload_audit/artifact_rescan.json,archive stale/historical material
paper/notes/final_upload_audit/artifact_rescan.md,docs/archive/predecessor_manuscripts/paper_legacy_pre_coap/notes/final_upload_audit/artifact_rescan.md,archive stale/historical material
paper/notes/final_upload_audit/cover_letter_draft_text.txt,docs/archive/predecessor_manuscripts/paper_legacy_pre_coap/notes/final_upload_audit/cover_letter_draft_text.txt,archive stale/historical material
paper/notes/final_upload_audit/final_no_edit_sanity_check.md,docs/archive/predecessor_manuscripts/paper_legacy_pre_coap/notes/final_upload_audit/final_no_edit_sanity_check.md,archive stale/historical material
paper/notes/final_upload_audit/final_upload_readiness_report.md,docs/archive/predecessor_manuscripts/paper_legacy_pre_coap/notes/final_upload_audit/final_upload_readiness_report.md,archive stale/historical material
paper/notes/final_upload_audit/main_anonymized_text.txt,docs/archive/predecessor_manuscripts/paper_legacy_pre_coap/notes/final_upload_audit/main_anonymized_text.txt,archive stale/historical material
paper/notes/final_upload_audit/manual_submission_actions.md,docs/archive/predecessor_manuscripts/paper_legacy_pre_coap/notes/final_upload_audit/manual_submission_actions.md,archive stale/historical material
paper/notes/final_upload_audit/pdf_text_scan.json,docs/archive/predecessor_manuscripts/paper_legacy_pre_coap/notes/final_upload_audit/pdf_text_scan.json,archive stale/historical material
paper/notes/final_upload_audit/pdf_text_scan.md,docs/archive/predecessor_manuscripts/paper_legacy_pre_coap/notes/final_upload_audit/pdf_text_scan.md,archive stale/historical material
paper/notes/final_upload_audit/source_placeholder_scan.json,docs/archive/predecessor_manuscripts/paper_legacy_pre_coap/notes/final_upload_audit/source_placeholder_scan.json,archive stale/historical material
paper/notes/final_upload_audit/source_placeholder_scan.md,docs/archive/predecessor_manuscripts/paper_legacy_pre_coap/notes/final_upload_audit/source_placeholder_scan.md,archive stale/historical material
paper/notes/final_upload_audit/title_page_text.txt,docs/archive/predecessor_manuscripts/paper_legacy_pre_coap/notes/final_upload_audit/title_page_text.txt,archive stale/historical material
paper/notes/final_upload_audit/upload_inventory.json,docs/archive/predecessor_manuscripts/paper_legacy_pre_coap/notes/final_upload_audit/upload_inventory.json,archive stale/historical material
paper/notes/final_upload_audit/upload_inventory.md,docs/archive/predecessor_manuscripts/paper_legacy_pre_coap/notes/final_upload_audit/upload_inventory.md,archive stale/historical material
paper/notes/final_warning_pass/contact_sheet_report.md,docs/archive/predecessor_manuscripts/paper_legacy_pre_coap/notes/final_warning_pass/contact_sheet_report.md,archive stale/historical material
paper/notes/final_warning_pass/main_anonymized_text_after.txt,docs/archive/predecessor_manuscripts/paper_legacy_pre_coap/notes/final_warning_pass/main_anonymized_text_after.txt,archive stale/historical material
paper/notes/final_warning_pass/pdf_text_scan_after.json,docs/archive/predecessor_manuscripts/paper_legacy_pre_coap/notes/final_warning_pass/pdf_text_scan_after.json,archive stale/historical material
paper/notes/final_warning_pass/pdf_text_scan_after.md,docs/archive/predecessor_manuscripts/paper_legacy_pre_coap/notes/final_warning_pass/pdf_text_scan_after.md,archive stale/historical material
paper/notes/final_warning_pass/upload_staleness_check.txt,docs/archive/predecessor_manuscripts/paper_legacy_pre_coap/notes/final_warning_pass/upload_staleness_check.txt,archive stale/historical material
paper/notes/final_warning_pass/warning_analysis_after.json,docs/archive/predecessor_manuscripts/paper_legacy_pre_coap/notes/final_warning_pass/warning_analysis_after.json,archive stale/historical material
paper/notes/final_warning_pass/warning_analysis_after.md,docs/archive/predecessor_manuscripts/paper_legacy_pre_coap/notes/final_warning_pass/warning_analysis_after.md,archive stale/historical material
paper/notes/final_warning_pass/warning_analysis_before.json,docs/archive/predecessor_manuscripts/paper_legacy_pre_coap/notes/final_warning_pass/warning_analysis_before.json,archive stale/historical material
paper/notes/final_warning_pass/warning_analysis_before.md,docs/archive/predecessor_manuscripts/paper_legacy_pre_coap/notes/final_warning_pass/warning_analysis_before.md,archive stale/historical material
paper/notes/final_warning_pass/warning_resolution_report.md,docs/archive/predecessor_manuscripts/paper_legacy_pre_coap/notes/final_warning_pass/warning_resolution_report.md,archive stale/historical material
paper/notes/final_warning_pass/warning_to_section_map.md,docs/archive/predecessor_manuscripts/paper_legacy_pre_coap/notes/final_warning_pass/warning_to_section_map.md,archive stale/historical material
paper/notes/full_manuscript_audit.json,docs/archive/predecessor_manuscripts/paper_legacy_pre_coap/notes/full_manuscript_audit.json,archive stale/historical material
paper/notes/full_manuscript_audit.md,docs/archive/predecessor_manuscripts/paper_legacy_pre_coap/notes/full_manuscript_audit.md,archive stale/historical material
paper/notes/latex_template_audit.json,docs/archive/predecessor_manuscripts/paper_legacy_pre_coap/notes/latex_template_audit.json,archive stale/historical material
paper/notes/latex_template_audit.md,docs/archive/predecessor_manuscripts/paper_legacy_pre_coap/notes/latex_template_audit.md,archive stale/historical material
paper/notes/manuscript_writing_plan.md,docs/archive/predecessor_manuscripts/paper_legacy_pre_coap/notes/manuscript_writing_plan.md,archive stale/historical material
paper/notes/pre_submission_status.md,docs/archive/predecessor_manuscripts/paper_legacy_pre_coap/notes/pre_submission_status.md,archive stale/historical material
paper/notes/predecessor_archive_extraction_manifest.md,docs/archive/predecessor_manuscripts/paper_legacy_pre_coap/notes/predecessor_archive_extraction_manifest.md,archive stale/historical material
paper/notes/reference_count_after_strengthening.json,docs/archive/predecessor_manuscripts/paper_legacy_pre_coap/notes/reference_count_after_strengthening.json,archive stale/historical material
paper/notes/reference_gap_report.md,docs/archive/predecessor_manuscripts/paper_legacy_pre_coap/notes/reference_gap_report.md,archive stale/historical material
paper/notes/reference_strengthening_report.md,docs/archive/predecessor_manuscripts/paper_legacy_pre_coap/notes/reference_strengthening_report.md,archive stale/historical material
paper/notes/reference_verification_report.md,docs/archive/predecessor_manuscripts/paper_legacy_pre_coap/notes/reference_verification_report.md,archive stale/historical material
paper/notes/rejection_audit/extracted_review_text/README.txt,docs/archive/predecessor_manuscripts/paper_legacy_pre_coap/notes/rejection_audit/extracted_review_text/README.txt,archive stale/historical material
paper/notes/rejection_audit/search_hits.md,docs/archive/predecessor_manuscripts/paper_legacy_pre_coap/notes/rejection_audit/search_hits.md,archive stale/historical material
paper/notes/rejection_audit/source_file_scan.txt,docs/archive/predecessor_manuscripts/paper_legacy_pre_coap/notes/rejection_audit/source_file_scan.txt,archive stale/historical material
paper/notes/rejection_concern_action_items.md,docs/archive/predecessor_manuscripts/paper_legacy_pre_coap/notes/rejection_concern_action_items.md,archive stale/historical material
paper/notes/rejection_response_matrix.md,docs/archive/predecessor_manuscripts/paper_legacy_pre_coap/notes/rejection_response_matrix.md,archive stale/historical material
paper/notes/repository_cleanup_after_submission_prep.md,docs/archive/predecessor_manuscripts/paper_legacy_pre_coap/notes/repository_cleanup_after_submission_prep.md,archive stale/historical material
paper/notes/repository_final_audit/artifact_scan.json,docs/archive/predecessor_manuscripts/paper_legacy_pre_coap/notes/repository_final_audit/artifact_scan.json,archive stale/historical material
paper/notes/repository_final_audit/artifact_scan.md,docs/archive/predecessor_manuscripts/paper_legacy_pre_coap/notes/repository_final_audit/artifact_scan.md,archive stale/historical material
paper/notes/repository_final_audit/cover_letter_draft_text.txt,docs/archive/predecessor_manuscripts/paper_legacy_pre_coap/notes/repository_final_audit/cover_letter_draft_text.txt,archive stale/historical material
paper/notes/repository_final_audit/full_branch_repository_audit.md,docs/archive/predecessor_manuscripts/paper_legacy_pre_coap/notes/repository_final_audit/full_branch_repository_audit.md,archive stale/historical material
paper/notes/repository_final_audit/latex_warning_status.md,docs/archive/predecessor_manuscripts/paper_legacy_pre_coap/notes/repository_final_audit/latex_warning_status.md,archive stale/historical material
paper/notes/repository_final_audit/main_anonymized_text.txt,docs/archive/predecessor_manuscripts/paper_legacy_pre_coap/notes/repository_final_audit/main_anonymized_text.txt,archive stale/historical material
paper/notes/repository_final_audit/manuscript_metrics.json,docs/archive/predecessor_manuscripts/paper_legacy_pre_coap/notes/repository_final_audit/manuscript_metrics.json,archive stale/historical material
paper/notes/repository_final_audit/manuscript_metrics.md,docs/archive/predecessor_manuscripts/paper_legacy_pre_coap/notes/repository_final_audit/manuscript_metrics.md,archive stale/historical material
paper/notes/repository_final_audit/pdf_text_scan.json,docs/archive/predecessor_manuscripts/paper_legacy_pre_coap/notes/repository_final_audit/pdf_text_scan.json,archive stale/historical material
paper/notes/repository_final_audit/pdf_text_scan.md,docs/archive/predecessor_manuscripts/paper_legacy_pre_coap/notes/repository_final_audit/pdf_text_scan.md,archive stale/historical material
paper/notes/repository_final_audit/result_provenance_check.json,docs/archive/predecessor_manuscripts/paper_legacy_pre_coap/notes/repository_final_audit/result_provenance_check.json,archive stale/historical material
paper/notes/repository_final_audit/result_provenance_check.md,docs/archive/predecessor_manuscripts/paper_legacy_pre_coap/notes/repository_final_audit/result_provenance_check.md,archive stale/historical material
paper/notes/repository_final_audit/source_scan.json,docs/archive/predecessor_manuscripts/paper_legacy_pre_coap/notes/repository_final_audit/source_scan.json,archive stale/historical material
paper/notes/repository_final_audit/source_scan.md,docs/archive/predecessor_manuscripts/paper_legacy_pre_coap/notes/repository_final_audit/source_scan.md,archive stale/historical material
paper/notes/repository_final_audit/title_page_text.txt,docs/archive/predecessor_manuscripts/paper_legacy_pre_coap/notes/repository_final_audit/title_page_text.txt,archive stale/historical material
paper/notes/repository_final_audit/upload_file_inventory.json,docs/archive/predecessor_manuscripts/paper_legacy_pre_coap/notes/repository_final_audit/upload_file_inventory.json,archive stale/historical material
paper/notes/repository_final_audit/upload_file_inventory.md,docs/archive/predecessor_manuscripts/paper_legacy_pre_coap/notes/repository_final_audit/upload_file_inventory.md,archive stale/historical material
paper/notes/repository_final_audit/upload_staleness_audit.json,docs/archive/predecessor_manuscripts/paper_legacy_pre_coap/notes/repository_final_audit/upload_staleness_audit.json,archive stale/historical material
paper/notes/repository_final_audit/upload_staleness_audit.md,docs/archive/predecessor_manuscripts/paper_legacy_pre_coap/notes/repository_final_audit/upload_staleness_audit.md,archive stale/historical material
paper/notes/results_asset_provenance.json,docs/archive/predecessor_manuscripts/paper_legacy_pre_coap/notes/results_asset_provenance.json,archive stale/historical material
paper/notes/results_asset_provenance.md,docs/archive/predecessor_manuscripts/paper_legacy_pre_coap/notes/results_asset_provenance.md,archive stale/historical material
paper/notes/reusable_material_audit.json,docs/archive/predecessor_manuscripts/paper_legacy_pre_coap/notes/reusable_material_audit.json,archive stale/historical material
paper/notes/reusable_material_audit.md,docs/archive/predecessor_manuscripts/paper_legacy_pre_coap/notes/reusable_material_audit.md,archive stale/historical material
paper/notes/reuse_risk_report.md,docs/archive/predecessor_manuscripts/paper_legacy_pre_coap/notes/reuse_risk_report.md,archive stale/historical material
paper/notes/second_reference_count_report.json,docs/archive/predecessor_manuscripts/paper_legacy_pre_coap/notes/second_reference_count_report.json,archive stale/historical material
paper/notes/second_reference_pass_pdf_scan/anonymity_scan.json,docs/archive/predecessor_manuscripts/paper_legacy_pre_coap/notes/second_reference_pass_pdf_scan/anonymity_scan.json,archive stale/historical material
paper/notes/second_reference_pass_pdf_scan/main_anonymized_text.txt,docs/archive/predecessor_manuscripts/paper_legacy_pre_coap/notes/second_reference_pass_pdf_scan/main_anonymized_text.txt,archive stale/historical material
paper/notes/second_reference_pass_report.md,docs/archive/predecessor_manuscripts/paper_legacy_pre_coap/notes/second_reference_pass_report.md,archive stale/historical material
paper/notes/structural_risk_reduction/README.md,docs/archive/predecessor_manuscripts/paper_legacy_pre_coap/notes/structural_risk_reduction/README.md,archive stale/historical material
paper/notes/structural_risk_reduction/anonymity_style_scan.json,docs/archive/predecessor_manuscripts/paper_legacy_pre_coap/notes/structural_risk_reduction/anonymity_style_scan.json,archive stale/historical material
paper/notes/structural_risk_reduction/available_files_for_structural_analysis.txt,docs/archive/predecessor_manuscripts/paper_legacy_pre_coap/notes/structural_risk_reduction/available_files_for_structural_analysis.txt,archive stale/historical material
paper/notes/structural_risk_reduction/ipsns_gain_feature_correlation.json,docs/archive/predecessor_manuscripts/paper_legacy_pre_coap/notes/structural_risk_reduction/ipsns_gain_feature_correlation.json,archive stale/historical material
paper/notes/structural_risk_reduction/ipsns_gain_feature_correlation.md,docs/archive/predecessor_manuscripts/paper_legacy_pre_coap/notes/structural_risk_reduction/ipsns_gain_feature_correlation.md,archive stale/historical material
paper/notes/structural_risk_reduction/main_anonymized_text_after_structural_pass.txt,docs/archive/predecessor_manuscripts/paper_legacy_pre_coap/notes/structural_risk_reduction/main_anonymized_text_after_structural_pass.txt,archive stale/historical material
paper/notes/structural_risk_reduction/sparse_dense_structural_diagnostic.json,docs/archive/predecessor_manuscripts/paper_legacy_pre_coap/notes/structural_risk_reduction/sparse_dense_structural_diagnostic.json,archive stale/historical material
paper/notes/structural_risk_reduction/sparse_dense_structural_diagnostic.md,docs/archive/predecessor_manuscripts/paper_legacy_pre_coap/notes/structural_risk_reduction/sparse_dense_structural_diagnostic.md,archive stale/historical material
paper/notes/structure_cleanup_report.md,docs/archive/predecessor_manuscripts/paper_legacy_pre_coap/notes/structure_cleanup_report.md,archive stale/historical material
paper/references.bib,docs/archive/predecessor_manuscripts/paper_legacy_pre_coap/references.bib,archive stale/historical material
paper/scripts/analyze_experiment_risk_reduction.py,docs/archive/predecessor_manuscripts/paper_legacy_pre_coap/scripts/analyze_experiment_risk_reduction.py,archive stale/historical material
paper/scripts/analyze_latex_warnings.py,docs/archive/predecessor_manuscripts/paper_legacy_pre_coap/scripts/analyze_latex_warnings.py,archive stale/historical material
paper/scripts/analyze_structural_risk_reduction.py,docs/archive/predecessor_manuscripts/paper_legacy_pre_coap/scripts/analyze_structural_risk_reduction.py,archive stale/historical material
paper/scripts/audit_abstract_keywords_length.py,docs/archive/predecessor_manuscripts/paper_legacy_pre_coap/scripts/audit_abstract_keywords_length.py,archive stale/historical material
paper/scripts/audit_manuscript_text.py,docs/archive/predecessor_manuscripts/paper_legacy_pre_coap/scripts/audit_manuscript_text.py,archive stale/historical material
paper/scripts/build_anonymous_artifact.py,docs/archive/predecessor_manuscripts/paper_legacy_pre_coap/scripts/build_anonymous_artifact.py,archive stale/historical material
paper/scripts/build_paper_results_assets.py,docs/archive/predecessor_manuscripts/paper_legacy_pre_coap/scripts/build_paper_results_assets.py,archive stale/historical material
paper/scripts/final_layout_readability_audit.py,docs/archive/predecessor_manuscripts/paper_legacy_pre_coap/scripts/final_layout_readability_audit.py,archive stale/historical material
paper/scripts/make_pdf_contact_sheets.py,docs/archive/predecessor_manuscripts/paper_legacy_pre_coap/scripts/make_pdf_contact_sheets.py,archive stale/historical material
submission_package/ejco_source/sections/01_introduction.tex,docs/archive/predecessor_manuscripts/paper_legacy_pre_coap/sections/01_introduction.tex,archive stale/historical material
submission_package/ejco_source/sections/02_related_work.tex,docs/archive/predecessor_manuscripts/paper_legacy_pre_coap/sections/02_related_work.tex,archive stale/historical material
submission_package/ejco_source/sections/03_problem_definition.tex,docs/archive/predecessor_manuscripts/paper_legacy_pre_coap/sections/03_problem_definition.tex,archive stale/historical material
submission_package/ejco_source/sections/04_algorithmic_framework.tex,docs/archive/predecessor_manuscripts/paper_legacy_pre_coap/sections/04_algorithmic_framework.tex,archive stale/historical material
submission_package/ejco_source/sections/05_experimental_design.tex,docs/archive/predecessor_manuscripts/paper_legacy_pre_coap/sections/05_experimental_design.tex,archive stale/historical material
submission_package/ejco_source/sections/06_results.tex,docs/archive/predecessor_manuscripts/paper_legacy_pre_coap/sections/06_results.tex,archive stale/historical material
submission_package/ejco_source/sections/07_discussion.tex,docs/archive/predecessor_manuscripts/paper_legacy_pre_coap/sections/07_discussion.tex,archive stale/historical material
submission_package/ejco_source/sections/08_conclusion.tex,docs/archive/predecessor_manuscripts/paper_legacy_pre_coap/sections/08_conclusion.tex,archive stale/historical material
paper/source_material/README.md,docs/archive/predecessor_manuscripts/paper_legacy_pre_coap/source_material/README.md,archive stale/historical material
paper/source_material/bibtex/paper__source_material__extracted_archives__Fast_Local_Ratio_Cycle_Reduction_with_Topological_Add_Back_for_Weighted_Feedback_Arc_Sets_JOCO__references.bib,docs/archive/predecessor_manuscripts/paper_legacy_pre_coap/source_material/bibtex/paper__source_material__extracted_archives__Fast_Local_Ratio_Cycle_Reduction_with_Topological_Add_Back_for_Weighted_Feedback_Arc_Sets_JOCO__references.bib,archive stale/historical material
paper/source_material/bibtex/paper__source_material__extracted_archives__Incumbent_Protected_SCC_Neighborhood_Search_for_the_Weighted_Feedback_Arc_Set_Problem__cas-refs.bib,docs/archive/predecessor_manuscripts/paper_legacy_pre_coap/source_material/bibtex/paper__source_material__extracted_archives__Incumbent_Protected_SCC_Neighborhood_Search_for_the_Weighted_Feedback_Arc_Set_Problem__cas-refs.bib,archive stale/historical material
paper/source_material/bibtex/paper__source_material__extracted_archives__Incumbent_Protected_SCC_Neighborhood_Search_for_the_Weighted_Feedback_Arc_Set_Problem__references.bib,docs/archive/predecessor_manuscripts/paper_legacy_pre_coap/source_material/bibtex/paper__source_material__extracted_archives__Incumbent_Protected_SCC_Neighborhood_Search_for_the_Weighted_Feedback_Arc_Set_Problem__references.bib,archive stale/historical material
paper/submission_checklist_caie.md,docs/archive/predecessor_manuscripts/paper_legacy_pre_coap/submission_checklist_caie.md,archive stale/historical material
submission_package/ejco_source/tables/table_ablation.tex,docs/archive/predecessor_manuscripts/paper_legacy_pre_coap/tables/table_ablation.tex,archive stale/historical material
submission_package/ejco_source/tables/table_algorithm_components.tex,docs/archive/predecessor_manuscripts/paper_legacy_pre_coap/tables/table_algorithm_components.tex,archive stale/historical material
submission_package/ejco_source/tables/table_algorithm_invariants.tex,docs/archive/predecessor_manuscripts/paper_legacy_pre_coap/tables/table_algorithm_invariants.tex,archive stale/historical material
submission_package/ejco_source/tables/table_application_case.tex,docs/archive/predecessor_manuscripts/paper_legacy_pre_coap/tables/table_application_case.tex,archive stale/historical material
submission_package/ejco_source/tables/table_exact_validation.tex,docs/archive/predecessor_manuscripts/paper_legacy_pre_coap/tables/table_exact_validation.tex,archive stale/historical material
submission_package/ejco_source/tables/table_experiment_overview.tex,docs/archive/predecessor_manuscripts/paper_legacy_pre_coap/tables/table_experiment_overview.tex,archive stale/historical material
submission_package/ejco_source/tables/table_ipsns_budget_curve.tex,docs/archive/predecessor_manuscripts/paper_legacy_pre_coap/tables/table_ipsns_budget_curve.tex,archive stale/historical material
submission_package/ejco_source/tables/table_lolib_scope.tex,docs/archive/predecessor_manuscripts/paper_legacy_pre_coap/tables/table_lolib_scope.tex,archive stale/historical material
submission_package/ejco_source/tables/table_medium_mip_baseline.tex,docs/archive/predecessor_manuscripts/paper_legacy_pre_coap/tables/table_medium_mip_baseline.tex,archive stale/historical material
submission_package/ejco_source/tables/table_paired_sparse_tests.tex,docs/archive/predecessor_manuscripts/paper_legacy_pre_coap/tables/table_paired_sparse_tests.tex,archive stale/historical material
submission_package/ejco_source/tables/table_plain_local_search.tex,docs/archive/predecessor_manuscripts/paper_legacy_pre_coap/tables/table_plain_local_search.tex,archive stale/historical material
paper/tables/table_runtime_quality_tradeoff.tex,docs/archive/predecessor_manuscripts/paper_legacy_pre_coap/tables/table_runtime_quality_tradeoff.tex,archive stale/historical material
submission_package/ejco_source/tables/table_sparse_external_baselines.tex,docs/archive/predecessor_manuscripts/paper_legacy_pre_coap/tables/table_sparse_external_baselines.tex,archive stale/historical material
submission_package/ejco_source/tables/table_structural_diagnostic.tex,docs/archive/predecessor_manuscripts/paper_legacy_pre_coap/tables/table_structural_diagnostic.tex,archive stale/historical material
submission_package/ejco_files_for_upload/title_page.pdf,docs/archive/predecessor_manuscripts/paper_legacy_pre_coap/title_page.pdf,archive stale/historical material
submission_package/ejco_source/title_page.tex,docs/archive/predecessor_manuscripts/paper_legacy_pre_coap/title_page.tex,archive stale/historical material
