instance,family,n,m,total_weight,algorithm,backward_weight,forward_weight,forward_ratio,runtime,status,error,source_type,external_version_or_commit
N-sgb75_01,SGB,75,2511,3766702.0,lrta_full,1057054.0,2709648.0,0.7193688271596744,0.21703267097473145,ok,,in-repo,
N-sgb75_01,SGB,75,2511,3766702.0,wmsf_seed,1057054.0,2709648.0,0.7193688271596744,0.056107282638549805,ok,,in-repo,
N-sgb75_01,SGB,75,2511,3766702.0,ipsns_full,1057054.0,2709648.0,0.7193688271596744,7.060009717941284,ok,,in-repo,
N-sgb75_01,SGB,75,2511,3766702.0,borda_net_score,2001124.0,1765578.0,0.46873312515829496,0.0025124549865722656,ok,,in-repo,
N-sgb75_01,SGB,75,2511,3766702.0,weighted_eades,1228495.0,2538207.0,0.6738539443789289,0.0030515193939208984,ok,,in-repo,
N-sgb75_01,SGB,75,2511,3766702.0,random_multistart,1487353.0,2279349.0,0.6051312262026569,0.011334657669067383,ok,,in-repo,
N-sgb75_01,SGB,75,2511,3766702.0,igraph_approx_eades,1210343.0,2556359.0,0.6786730142177427,0.1815803050994873,ok,,external-wrapper,python-igraph==1.0.0
N-sgb75_01,SGB,75,2511,3766702.0,drmaciver_fas,1051445.0,2715257.0,0.7208579282353634,0.9340298175811768,ok,,external-wrapper,16ff24a92fde886e58819180a9fe686e60991c5c
N-sgb75_02,SGB,75,2469,3582232.0,lrta_full,978078.0,2604154.0,0.7269640827283101,0.03549695014953613,ok,,in-repo,
N-sgb75_02,SGB,75,2469,3582232.0,wmsf_seed,978078.0,2604154.0,0.7269640827283101,0.058594703674316406,ok,,in-repo,
N-sgb75_02,SGB,75,2469,3582232.0,ipsns_full,972272.0,2609960.0,0.7285848599420697,7.151538610458374,ok,,in-repo,
N-sgb75_02,SGB,75,2469,3582232.0,borda_net_score,1829377.0,1752855.0,0.4893192289053305,0.0024340152740478516,ok,,in-repo,
N-sgb75_02,SGB,75,2469,3582232.0,weighted_eades,1154933.0,2427299.0,0.6775940251775988,0.0029909610748291016,ok,,in-repo,
N-sgb75_02,SGB,75,2469,3582232.0,random_multistart,1517644.0,2064588.0,0.5763412308303874,0.0113677978515625,ok,,in-repo,
N-sgb75_02,SGB,75,2469,3582232.0,igraph_approx_eades,1139162.0,2443070.0,0.6819965876023664,0.0025472640991210938,ok,,external-wrapper,python-igraph==1.0.0
N-sgb75_02,SGB,75,2469,3582232.0,drmaciver_fas,966587.0,2615645.0,0.7301718593323939,0.9232399463653564,ok,,external-wrapper,16ff24a92fde886e58819180a9fe686e60991c5c
N-sgb75_03,SGB,75,2550,3789067.0,lrta_full,1058817.0,2730250.0,0.7205599689844492,0.03630495071411133,ok,,in-repo,
N-sgb75_03,SGB,75,2550,3789067.0,wmsf_seed,1061254.0,2727813.0,0.7199168027379828,0.059237003326416016,ok,,in-repo,
N-sgb75_03,SGB,75,2550,3789067.0,ipsns_full,1058817.0,2730250.0,0.7205599689844492,7.337722301483154,ok,,in-repo,
N-sgb75_03,SGB,75,2550,3789067.0,borda_net_score,1952892.0,1836175.0,0.4845981873638022,0.002513408660888672,ok,,in-repo,
N-sgb75_03,SGB,75,2550,3789067.0,weighted_eades,1226143.0,2562924.0,0.6763997575128653,0.003315448760986328,ok,,in-repo,
N-sgb75_03,SGB,75,2550,3789067.0,random_multistart,1651310.0,2137757.0,0.564190868094969,0.011909008026123047,ok,,in-repo,
N-sgb75_03,SGB,75,2550,3789067.0,igraph_approx_eades,1179297.0,2609770.0,0.6887632232420277,0.002804279327392578,ok,,external-wrapper,python-igraph==1.0.0
N-sgb75_03,SGB,75,2550,3789067.0,drmaciver_fas,1055414.0,2733653.0,0.7214580792580337,0.9430160522460938,ok,,external-wrapper,16ff24a92fde886e58819180a9fe686e60991c5c
N-sgb75_04,SGB,75,2445,3771211.0,lrta_full,1050952.0,2720259.0,0.721322408107104,0.0351557731628418,ok,,in-repo,
N-sgb75_04,SGB,75,2445,3771211.0,wmsf_seed,1050952.0,2720259.0,0.721322408107104,0.05764484405517578,ok,,in-repo,
N-sgb75_04,SGB,75,2445,3771211.0,ipsns_full,1050952.0,2720259.0,0.721322408107104,6.839807748794556,ok,,in-repo,
N-sgb75_04,SGB,75,2445,3771211.0,borda_net_score,1945945.0,1825266.0,0.48399996711931526,0.002497434616088867,ok,,in-repo,
N-sgb75_04,SGB,75,2445,3771211.0,weighted_eades,1217290.0,2553921.0,0.6772150908554307,0.0030145645141601562,ok,,in-repo,
N-sgb75_04,SGB,75,2445,3771211.0,random_multistart,1584740.0,2186471.0,0.5797795456154535,0.011205196380615234,ok,,in-repo,
N-sgb75_04,SGB,75,2445,3771211.0,igraph_approx_eades,1168367.0,2602844.0,0.6901878468216178,0.0025386810302734375,ok,,external-wrapper,python-igraph==1.0.0
N-sgb75_04,SGB,75,2445,3771211.0,drmaciver_fas,1044359.0,2726852.0,0.7230706529016806,0.920034646987915,ok,,external-wrapper,16ff24a92fde886e58819180a9fe686e60991c5c
N-sgb75_05,SGB,75,2478,3735746.0,lrta_full,1062565.0,2673181.0,0.7155681890578214,0.03582310676574707,ok,,in-repo,
N-sgb75_05,SGB,75,2478,3735746.0,wmsf_seed,1062565.0,2673181.0,0.7155681890578214,0.0636603832244873,ok,,in-repo,
N-sgb75_05,SGB,75,2478,3735746.0,ipsns_full,1062565.0,2673181.0,0.7155681890578214,7.364001989364624,ok,,in-repo,
N-sgb75_05,SGB,75,2478,3735746.0,borda_net_score,2018839.0,1716907.0,0.45958879431310373,0.0024836063385009766,ok,,in-repo,
N-sgb75_05,SGB,75,2478,3735746.0,weighted_eades,1216787.0,2518959.0,0.674285403772098,0.002990245819091797,ok,,in-repo,
N-sgb75_05,SGB,75,2478,3735746.0,random_multistart,1586160.0,2149586.0,0.5754101055050317,0.011194467544555664,ok,,in-repo,
N-sgb75_05,SGB,75,2478,3735746.0,igraph_approx_eades,1189084.0,2546662.0,0.6817010578342317,0.0025718212127685547,ok,,external-wrapper,python-igraph==1.0.0
N-sgb75_05,SGB,75,2478,3735746.0,drmaciver_fas,1032782.0,2702964.0,0.723540626156061,0.9452028274536133,ok,,external-wrapper,16ff24a92fde886e58819180a9fe686e60991c5c
N-sgb75_06,SGB,75,2540,3734819.0,lrta_full,1044168.0,2690651.0,0.7204233993668769,0.036901235580444336,ok,,in-repo,
N-sgb75_06,SGB,75,2540,3734819.0,wmsf_seed,1044168.0,2690651.0,0.7204233993668769,0.06160426139831543,ok,,in-repo,
N-sgb75_06,SGB,75,2540,3734819.0,ipsns_full,1044168.0,2690651.0,0.7204233993668769,6.793248176574707,ok,,in-repo,
N-sgb75_06,SGB,75,2540,3734819.0,borda_net_score,2005453.0,1729366.0,0.46303877108904073,0.002521038055419922,ok,,in-repo,
N-sgb75_06,SGB,75,2540,3734819.0,weighted_eades,1214804.0,2520015.0,0.6747355092709981,0.003087759017944336,ok,,in-repo,
N-sgb75_06,SGB,75,2540,3734819.0,random_multistart,1585168.0,2149651.0,0.5755703288432451,0.011657953262329102,ok,,in-repo,
N-sgb75_06,SGB,75,2540,3734819.0,igraph_approx_eades,1200793.0,2534026.0,0.678486962822027,0.0025625228881835938,ok,,external-wrapper,python-igraph==1.0.0
N-sgb75_06,SGB,75,2540,3734819.0,drmaciver_fas,1033836.0,2700983.0,0.7231897984882266,1.0524170398712158,ok,,external-wrapper,16ff24a92fde886e58819180a9fe686e60991c5c
N-sgb75_07,SGB,75,2503,3769732.0,lrta_full,1058205.0,2711527.0,0.7192890635196348,0.03475594520568848,ok,,in-repo,
N-sgb75_07,SGB,75,2503,3769732.0,wmsf_seed,1058205.0,2711527.0,0.7192890635196348,0.054780006408691406,ok,,in-repo,
N-sgb75_07,SGB,75,2503,3769732.0,ipsns_full,1058205.0,2711527.0,0.7192890635196348,6.752236843109131,ok,,in-repo,
N-sgb75_07,SGB,75,2503,3769732.0,borda_net_score,2008407.0,1761325.0,0.46722817431053454,0.0024712085723876953,ok,,in-repo,
N-sgb75_07,SGB,75,2503,3769732.0,weighted_eades,1225773.0,2543959.0,0.6748381582563429,0.0031423568725585938,ok,,in-repo,
N-sgb75_07,SGB,75,2503,3769732.0,random_multistart,1611851.0,2157881.0,0.5724229202500337,0.01150822639465332,ok,,in-repo,
N-sgb75_07,SGB,75,2503,3769732.0,igraph_approx_eades,1198653.0,2571079.0,0.6820323036226448,0.002563953399658203,ok,,external-wrapper,python-igraph==1.0.0
N-sgb75_07,SGB,75,2503,3769732.0,drmaciver_fas,1042466.0,2727266.0,0.7234641613780503,0.9374213218688965,ok,,external-wrapper,16ff24a92fde886e58819180a9fe686e60991c5c
N-sgb75_08,SGB,75,2522,3739236.0,lrta_full,1054763.0,2684473.0,0.7179201847650162,0.03555870056152344,ok,,in-repo,
N-sgb75_08,SGB,75,2522,3739236.0,wmsf_seed,1054763.0,2684473.0,0.7179201847650162,0.060375213623046875,ok,,in-repo,
N-sgb75_08,SGB,75,2522,3739236.0,ipsns_full,1054763.0,2684473.0,0.7179201847650162,7.44512677192688,ok,,in-repo,
N-sgb75_08,SGB,75,2522,3739236.0,borda_net_score,1940304.0,1798932.0,0.4810961383555357,0.0025506019592285156,ok,,in-repo,
N-sgb75_08,SGB,75,2522,3739236.0,weighted_eades,1202893.0,2536343.0,0.6783051404083615,0.003175497055053711,ok,,in-repo,
N-sgb75_08,SGB,75,2522,3739236.0,random_multistart,1596775.0,2142461.0,0.5729675794734539,0.012005805969238281,ok,,in-repo,
N-sgb75_08,SGB,75,2522,3739236.0,igraph_approx_eades,1161194.0,2578042.0,0.6894568837056554,0.002654552459716797,ok,,external-wrapper,python-igraph==1.0.0
N-sgb75_08,SGB,75,2522,3739236.0,drmaciver_fas,1033583.0,2705653.0,0.7235844434531546,0.9969873428344727,ok,,external-wrapper,16ff24a92fde886e58819180a9fe686e60991c5c
N-sgb75_09,SGB,75,2460,3713077.0,lrta_full,1036919.0,2676158.0,0.7207386219030739,0.03526139259338379,ok,,in-repo,
N-sgb75_09,SGB,75,2460,3713077.0,wmsf_seed,1036919.0,2676158.0,0.7207386219030739,0.05540657043457031,ok,,in-repo,
N-sgb75_09,SGB,75,2460,3713077.0,ipsns_full,1036919.0,2676158.0,0.7207386219030739,6.980433225631714,ok,,in-repo,
N-sgb75_09,SGB,75,2460,3713077.0,borda_net_score,2034223.0,1678854.0,0.4521462926839384,0.0024394989013671875,ok,,in-repo,
N-sgb75_09,SGB,75,2460,3713077.0,weighted_eades,1201878.0,2511199.0,0.676312126034553,0.0030508041381835938,ok,,in-repo,
N-sgb75_09,SGB,75,2460,3713077.0,random_multistart,1556773.0,2156304.0,0.5807323683295552,0.011375188827514648,ok,,in-repo,
N-sgb75_09,SGB,75,2460,3713077.0,igraph_approx_eades,1159092.0,2553985.0,0.6878351835957078,0.0025544166564941406,ok,,external-wrapper,python-igraph==1.0.0
N-sgb75_09,SGB,75,2460,3713077.0,drmaciver_fas,1038461.0,2674616.0,0.7203233329122989,0.9448587894439697,ok,,external-wrapper,16ff24a92fde886e58819180a9fe686e60991c5c
N-sgb75_10,SGB,75,2494,3773676.0,lrta_full,1056811.0,2716865.0,0.7199518453624529,0.03675532341003418,ok,,in-repo,
N-sgb75_10,SGB,75,2494,3773676.0,wmsf_seed,1056811.0,2716865.0,0.7199518453624529,0.05545830726623535,ok,,in-repo,
N-sgb75_10,SGB,75,2494,3773676.0,ipsns_full,1056811.0,2716865.0,0.7199518453624529,6.891773462295532,ok,,in-repo,
N-sgb75_10,SGB,75,2494,3773676.0,borda_net_score,2026194.0,1747482.0,0.4630715514527479,0.002538442611694336,ok,,in-repo,
N-sgb75_10,SGB,75,2494,3773676.0,weighted_eades,1229261.0,2544415.0,0.6742536985157178,0.003052234649658203,ok,,in-repo,
N-sgb75_10,SGB,75,2494,3773676.0,random_multistart,1583315.0,2190361.0,0.5804316533798874,0.011425495147705078,ok,,in-repo,
N-sgb75_10,SGB,75,2494,3773676.0,igraph_approx_eades,1195900.0,2577776.0,0.6830941501072164,0.0026192665100097656,ok,,external-wrapper,python-igraph==1.0.0
N-sgb75_10,SGB,75,2494,3773676.0,drmaciver_fas,1046622.0,2727054.0,0.7226518651839745,0.9900801181793213,ok,,external-wrapper,16ff24a92fde886e58819180a9fe686e60991c5c
N-sgb75_11,SGB,75,2503,3773229.0,lrta_full,1057034.0,2716195.0,0.7198595685552083,0.036995887756347656,ok,,in-repo,
N-sgb75_11,SGB,75,2503,3773229.0,wmsf_seed,1057034.0,2716195.0,0.7198595685552083,0.05599617958068848,ok,,in-repo,
N-sgb75_11,SGB,75,2503,3773229.0,ipsns_full,1057034.0,2716195.0,0.7198595685552083,6.969736099243164,ok,,in-repo,
N-sgb75_11,SGB,75,2503,3773229.0,borda_net_score,2065343.0,1707886.0,0.45263248003235423,0.0024399757385253906,ok,,in-repo,
N-sgb75_11,SGB,75,2503,3773229.0,weighted_eades,1228128.0,2545101.0,0.6745153819182457,0.003036975860595703,ok,,in-repo,
N-sgb75_11,SGB,75,2503,3773229.0,random_multistart,1551285.0,2221944.0,0.5888706993400082,0.011472702026367188,ok,,in-repo,
N-sgb75_11,SGB,75,2503,3773229.0,igraph_approx_eades,1181506.0,2591723.0,0.6868713772739476,0.0025420188903808594,ok,,external-wrapper,python-igraph==1.0.0
N-sgb75_11,SGB,75,2503,3773229.0,drmaciver_fas,1041875.0,2731354.0,0.7238770824670329,0.9484343528747559,ok,,external-wrapper,16ff24a92fde886e58819180a9fe686e60991c5c
N-sgb75_12,SGB,75,2508,3706133.0,lrta_full,1039204.0,2666929.0,0.7195988379262158,0.03555727005004883,ok,,in-repo,
N-sgb75_12,SGB,75,2508,3706133.0,wmsf_seed,1039204.0,2666929.0,0.7195988379262158,0.05737495422363281,ok,,in-repo,
N-sgb75_12,SGB,75,2508,3706133.0,ipsns_full,1039204.0,2666929.0,0.7195988379262158,7.505428075790405,ok,,in-repo,
N-sgb75_12,SGB,75,2508,3706133.0,borda_net_score,1920667.0,1785466.0,0.48175982891061925,0.0024755001068115234,ok,,in-repo,
N-sgb75_12,SGB,75,2508,3706133.0,weighted_eades,1195818.0,2510315.0,0.6773407754119996,0.0030922889709472656,ok,,in-repo,
N-sgb75_12,SGB,75,2508,3706133.0,random_multistart,1600287.0,2105846.0,0.5682057281808289,0.01152181625366211,ok,,in-repo,
N-sgb75_12,SGB,75,2508,3706133.0,igraph_approx_eades,1182231.0,2523902.0,0.6810068607899392,0.002611398696899414,ok,,external-wrapper,python-igraph==1.0.0
N-sgb75_12,SGB,75,2508,3706133.0,drmaciver_fas,1020783.0,2685350.0,0.7245692477846856,0.9678244590759277,ok,,external-wrapper,16ff24a92fde886e58819180a9fe686e60991c5c
N-sgb75_13,SGB,75,2517,3741516.0,lrta_full,1039355.0,2702161.0,0.7222101950118615,0.03749680519104004,ok,,in-repo,
N-sgb75_13,SGB,75,2517,3741516.0,wmsf_seed,1039355.0,2702161.0,0.7222101950118615,0.057225942611694336,ok,,in-repo,
N-sgb75_13,SGB,75,2517,3741516.0,ipsns_full,1039355.0,2702161.0,0.7222101950118615,7.0685875415802,ok,,in-repo,
N-sgb75_13,SGB,75,2517,3741516.0,borda_net_score,2028873.0,1712643.0,0.45774039186254983,0.002489328384399414,ok,,in-repo,
N-sgb75_13,SGB,75,2517,3741516.0,weighted_eades,1208571.0,2532945.0,0.6769836077140924,0.0030286312103271484,ok,,in-repo,
N-sgb75_13,SGB,75,2517,3741516.0,random_multistart,1534050.0,2207466.0,0.589992398803052,0.011333465576171875,ok,,in-repo,
N-sgb75_13,SGB,75,2517,3741516.0,igraph_approx_eades,1204991.0,2536525.0,0.677940439116123,0.002603292465209961,ok,,external-wrapper,python-igraph==1.0.0
N-sgb75_13,SGB,75,2517,3741516.0,drmaciver_fas,1029987.0,2711529.0,0.7247139929376221,0.9587538242340088,ok,,external-wrapper,16ff24a92fde886e58819180a9fe686e60991c5c
N-sgb75_14,SGB,75,2540,3775021.0,lrta_full,1059397.0,2715624.0,0.7193665942520585,0.041060686111450195,ok,,in-repo,
N-sgb75_14,SGB,75,2540,3775021.0,wmsf_seed,1059397.0,2715624.0,0.7193665942520585,0.06280064582824707,ok,,in-repo,
N-sgb75_14,SGB,75,2540,3775021.0,ipsns_full,1059397.0,2715624.0,0.7193665942520585,6.81630802154541,ok,,in-repo,
N-sgb75_14,SGB,75,2540,3775021.0,borda_net_score,2010309.0,1764712.0,0.46747077698375716,0.0024945735931396484,ok,,in-repo,
N-sgb75_14,SGB,75,2540,3775021.0,weighted_eades,1234755.0,2540266.0,0.6729144023304771,0.0030226707458496094,ok,,in-repo,
N-sgb75_14,SGB,75,2540,3775021.0,random_multistart,1611013.0,2164008.0,0.5732439634110644,0.011591672897338867,ok,,in-repo,
N-sgb75_14,SGB,75,2540,3775021.0,igraph_approx_eades,1202773.0,2572248.0,0.6813864081815704,0.0026328563690185547,ok,,external-wrapper,python-igraph==1.0.0
N-sgb75_14,SGB,75,2540,3775021.0,drmaciver_fas,1042343.0,2732678.0,0.7238841850151297,0.958949089050293,ok,,external-wrapper,16ff24a92fde886e58819180a9fe686e60991c5c
N-sgb75_15,SGB,75,2484,3769634.0,lrta_full,1059939.0,2709695.0,0.7188217742093794,0.035546064376831055,ok,,in-repo,
N-sgb75_15,SGB,75,2484,3769634.0,wmsf_seed,1059939.0,2709695.0,0.7188217742093794,0.05792403221130371,ok,,in-repo,
N-sgb75_15,SGB,75,2484,3769634.0,ipsns_full,1059939.0,2709695.0,0.7188217742093794,7.3863303661346436,ok,,in-repo,
N-sgb75_15,SGB,75,2484,3769634.0,borda_net_score,1941680.0,1827954.0,0.484915511691586,0.0024690628051757812,ok,,in-repo,
N-sgb75_15,SGB,75,2484,3769634.0,weighted_eades,1201479.0,2568155.0,0.681274362444736,0.0031714439392089844,ok,,in-repo,
N-sgb75_15,SGB,75,2484,3769634.0,random_multistart,1579700.0,2189934.0,0.5809407491549577,0.01119542121887207,ok,,in-repo,
N-sgb75_15,SGB,75,2484,3769634.0,igraph_approx_eades,1188686.0,2580948.0,0.684668060612781,0.002536296844482422,ok,,external-wrapper,python-igraph==1.0.0
N-sgb75_15,SGB,75,2484,3769634.0,drmaciver_fas,1047158.0,2722476.0,0.7222122890445067,1.014073371887207,ok,,external-wrapper,16ff24a92fde886e58819180a9fe686e60991c5c
N-sgb75_16,SGB,75,2493,3790712.0,lrta_full,1056219.0,2734493.0,0.7213665928722626,0.03390312194824219,ok,,in-repo,
N-sgb75_16,SGB,75,2493,3790712.0,wmsf_seed,1056219.0,2734493.0,0.7213665928722626,0.05492067337036133,ok,,in-repo,
N-sgb75_16,SGB,75,2493,3790712.0,ipsns_full,1056219.0,2734493.0,0.7213665928722626,6.934371709823608,ok,,in-repo,
N-sgb75_16,SGB,75,2493,3790712.0,borda_net_score,1953231.0,1837481.0,0.4847324196615306,0.002523183822631836,ok,,in-repo,
N-sgb75_16,SGB,75,2493,3790712.0,weighted_eades,1222526.0,2568186.0,0.6774943598986154,0.0030803680419921875,ok,,in-repo,
N-sgb75_16,SGB,75,2493,3790712.0,random_multistart,1627339.0,2163373.0,0.5707036039667482,0.011687040328979492,ok,,in-repo,
N-sgb75_16,SGB,75,2493,3790712.0,igraph_approx_eades,1174154.0,2616558.0,0.6902550233307094,0.0027120113372802734,ok,,external-wrapper,python-igraph==1.0.0
N-sgb75_16,SGB,75,2493,3790712.0,drmaciver_fas,1056111.0,2734601.0,0.7213950835621382,0.8568587303161621,ok,,external-wrapper,16ff24a92fde886e58819180a9fe686e60991c5c
N-sgb75_17,SGB,75,2516,3792880.0,lrta_full,1060330.0,2732550.0,0.7204419860369956,0.03510737419128418,ok,,in-repo,
N-sgb75_17,SGB,75,2516,3792880.0,wmsf_seed,1060895.0,2731985.0,0.7202930227162473,0.05877685546875,ok,,in-repo,
N-sgb75_17,SGB,75,2516,3792880.0,ipsns_full,1060330.0,2732550.0,0.7204419860369956,6.820580720901489,ok,,in-repo,
N-sgb75_17,SGB,75,2516,3792880.0,borda_net_score,1954160.0,1838720.0,0.48478201261310666,0.0025451183319091797,ok,,in-repo,
N-sgb75_17,SGB,75,2516,3792880.0,weighted_eades,1227865.0,2565015.0,0.6762710657864208,0.003086566925048828,ok,,in-repo,
N-sgb75_17,SGB,75,2516,3792880.0,random_multistart,1573172.0,2219708.0,0.5852302208348273,0.01148080825805664,ok,,in-repo,
N-sgb75_17,SGB,75,2516,3792880.0,igraph_approx_eades,1180957.0,2611923.0,0.6886384488831706,0.002549409866333008,ok,,external-wrapper,python-igraph==1.0.0
N-sgb75_17,SGB,75,2516,3792880.0,drmaciver_fas,1049429.0,2743451.0,0.7233160553458058,0.9461517333984375,ok,,external-wrapper,16ff24a92fde886e58819180a9fe686e60991c5c
N-sgb75_18,SGB,75,2432,3543100.0,lrta_full,978417.0,2564683.0,0.7238528407326917,0.03492999076843262,ok,,in-repo,
N-sgb75_18,SGB,75,2432,3543100.0,wmsf_seed,978417.0,2564683.0,0.7238528407326917,0.05877971649169922,ok,,in-repo,
N-sgb75_18,SGB,75,2432,3543100.0,ipsns_full,978417.0,2564683.0,0.7238528407326917,6.529765605926514,ok,,in-repo,
N-sgb75_18,SGB,75,2432,3543100.0,borda_net_score,1899922.0,1643178.0,0.463768451356157,0.002417325973510742,ok,,in-repo,
N-sgb75_18,SGB,75,2432,3543100.0,weighted_eades,1168002.0,2375098.0,0.6703446134740764,0.00302886962890625,ok,,in-repo,
N-sgb75_18,SGB,75,2432,3543100.0,random_multistart,1400332.0,2142768.0,0.6047720922356129,0.011189460754394531,ok,,in-repo,
N-sgb75_18,SGB,75,2432,3543100.0,igraph_approx_eades,1156267.0,2386833.0,0.6736566848240242,0.0024771690368652344,ok,,external-wrapper,python-igraph==1.0.0
N-sgb75_18,SGB,75,2432,3543100.0,drmaciver_fas,965828.0,2577272.0,0.7274059439473907,0.9144580364227295,ok,,external-wrapper,16ff24a92fde886e58819180a9fe686e60991c5c
N-sgb75_19,SGB,75,2492,3772498.0,lrta_full,1053284.0,2719214.0,0.7207993218286664,0.035069942474365234,ok,,in-repo,
N-sgb75_19,SGB,75,2492,3772498.0,wmsf_seed,1053284.0,2719214.0,0.7207993218286664,0.05880141258239746,ok,,in-repo,
N-sgb75_19,SGB,75,2492,3772498.0,ipsns_full,1048259.0,2724239.0,0.7221313304871202,7.226468086242676,ok,,in-repo,
N-sgb75_19,SGB,75,2492,3772498.0,borda_net_score,1946355.0,1826143.0,0.48406732091044186,0.002483367919921875,ok,,in-repo,
N-sgb75_19,SGB,75,2492,3772498.0,weighted_eades,1205165.0,2567333.0,0.6805392607232661,0.0029654502868652344,ok,,in-repo,
N-sgb75_19,SGB,75,2492,3772498.0,random_multistart,1557790.0,2214708.0,0.5870667128252951,0.011332273483276367,ok,,in-repo,
N-sgb75_19,SGB,75,2492,3772498.0,igraph_approx_eades,1191408.0,2581090.0,0.6841859160694055,0.002557992935180664,ok,,external-wrapper,python-igraph==1.0.0
N-sgb75_19,SGB,75,2492,3772498.0,drmaciver_fas,1036943.0,2735555.0,0.7251309344630534,0.9766168594360352,ok,,external-wrapper,16ff24a92fde886e58819180a9fe686e60991c5c
N-sgb75_20,SGB,75,2534,3768706.0,lrta_full,1057128.0,2711578.0,0.7194984166979329,0.03538775444030762,ok,,in-repo,
N-sgb75_20,SGB,75,2534,3768706.0,wmsf_seed,1057128.0,2711578.0,0.7194984166979329,0.054561614990234375,ok,,in-repo,
N-sgb75_20,SGB,75,2534,3768706.0,ipsns_full,1057128.0,2711578.0,0.7194984166979329,7.031417369842529,ok,,in-repo,
N-sgb75_20,SGB,75,2534,3768706.0,borda_net_score,2004434.0,1764272.0,0.46813733944754515,0.0025718212127685547,ok,,in-repo,
N-sgb75_20,SGB,75,2534,3768706.0,weighted_eades,1226929.0,2541777.0,0.6744428989685054,0.0031054019927978516,ok,,in-repo,
N-sgb75_20,SGB,75,2534,3768706.0,random_multistart,1537416.0,2231290.0,0.5920573268384427,0.011663198471069336,ok,,in-repo,
N-sgb75_20,SGB,75,2534,3768706.0,igraph_approx_eades,1200099.0,2568607.0,0.6815620533944542,0.0026526451110839844,ok,,external-wrapper,python-igraph==1.0.0
N-sgb75_20,SGB,75,2534,3768706.0,drmaciver_fas,1051826.0,2716880.0,0.7209052656269818,0.8947482109069824,ok,,external-wrapper,16ff24a92fde886e58819180a9fe686e60991c5c
N-sgb75_21,SGB,75,2450,3779106.0,lrta_full,1057629.0,2721477.0,0.7201377786174825,0.03398919105529785,ok,,in-repo,
N-sgb75_21,SGB,75,2450,3779106.0,wmsf_seed,1057629.0,2721477.0,0.7201377786174825,0.05648231506347656,ok,,in-repo,
N-sgb75_21,SGB,75,2450,3779106.0,ipsns_full,1057629.0,2721477.0,0.7201377786174825,7.080642461776733,ok,,in-repo,
N-sgb75_21,SGB,75,2450,3779106.0,borda_net_score,1948945.0,1830161.0,0.4842841137560047,0.0025177001953125,ok,,in-repo,
N-sgb75_21,SGB,75,2450,3779106.0,weighted_eades,1225464.0,2553642.0,0.6757264813424128,0.002967357635498047,ok,,in-repo,
N-sgb75_21,SGB,75,2450,3779106.0,random_multistart,1618904.0,2160202.0,0.5716172025870669,0.011147737503051758,ok,,in-repo,
N-sgb75_21,SGB,75,2450,3779106.0,igraph_approx_eades,1177518.0,2601588.0,0.6884136089329064,0.0025653839111328125,ok,,external-wrapper,python-igraph==1.0.0
N-sgb75_21,SGB,75,2450,3779106.0,drmaciver_fas,1052903.0,2726203.0,0.7213883389351873,0.8981282711029053,ok,,external-wrapper,16ff24a92fde886e58819180a9fe686e60991c5c
N-sgb75_22,SGB,75,2477,3739829.0,lrta_full,1046197.0,2693632.0,0.7202553913561288,0.034945011138916016,ok,,in-repo,
N-sgb75_22,SGB,75,2477,3739829.0,wmsf_seed,1046197.0,2693632.0,0.7202553913561288,0.05349326133728027,ok,,in-repo,
N-sgb75_22,SGB,75,2477,3739829.0,ipsns_full,1046197.0,2693632.0,0.7202553913561288,7.121609926223755,ok,,in-repo,
N-sgb75_22,SGB,75,2477,3739829.0,borda_net_score,2000692.0,1739137.0,0.46503115516778976,0.0024471282958984375,ok,,in-repo,
N-sgb75_22,SGB,75,2477,3739829.0,weighted_eades,1217493.0,2522336.0,0.6744522276285895,0.0029795169830322266,ok,,in-repo,
N-sgb75_22,SGB,75,2477,3739829.0,random_multistart,1498166.0,2241663.0,0.5994025395278768,0.011277437210083008,ok,,in-repo,
N-sgb75_22,SGB,75,2477,3739829.0,igraph_approx_eades,1212731.0,2527098.0,0.6757255478793281,0.0026006698608398438,ok,,external-wrapper,python-igraph==1.0.0
N-sgb75_22,SGB,75,2477,3739829.0,drmaciver_fas,1037129.0,2702700.0,0.7226801011490097,0.9049711227416992,ok,,external-wrapper,16ff24a92fde886e58819180a9fe686e60991c5c
N-sgb75_23,SGB,75,2479,3763469.0,lrta_full,1066445.0,2697024.0,0.7166324473511008,0.03744149208068848,ok,,in-repo,
N-sgb75_23,SGB,75,2479,3763469.0,wmsf_seed,1066445.0,2697024.0,0.7166324473511008,0.058568477630615234,ok,,in-repo,
N-sgb75_23,SGB,75,2479,3763469.0,ipsns_full,1066445.0,2697024.0,0.7166324473511008,6.644136905670166,ok,,in-repo,
N-sgb75_23,SGB,75,2479,3763469.0,borda_net_score,2026944.0,1736525.0,0.4614160499262781,0.002504110336303711,ok,,in-repo,
N-sgb75_23,SGB,75,2479,3763469.0,weighted_eades,1228546.0,2534923.0,0.6735602179797415,0.0030128955841064453,ok,,in-repo,
N-sgb75_23,SGB,75,2479,3763469.0,random_multistart,1623125.0,2140344.0,0.5687157247741379,0.011175155639648438,ok,,in-repo,
N-sgb75_23,SGB,75,2479,3763469.0,igraph_approx_eades,1197956.0,2565513.0,0.6816883572044834,0.002592325210571289,ok,,external-wrapper,python-igraph==1.0.0
N-sgb75_23,SGB,75,2479,3763469.0,drmaciver_fas,1047731.0,2715738.0,0.7216049873135663,0.9118518829345703,ok,,external-wrapper,16ff24a92fde886e58819180a9fe686e60991c5c
N-sgb75_24,SGB,75,2476,3778423.0,lrta_full,1064579.0,2713844.0,0.7182477980893087,0.034023284912109375,ok,,in-repo,
N-sgb75_24,SGB,75,2476,3778423.0,wmsf_seed,1064579.0,2713844.0,0.7182477980893087,0.05871224403381348,ok,,in-repo,
N-sgb75_24,SGB,75,2476,3778423.0,ipsns_full,1063338.0,2715085.0,0.718576241993022,6.882933855056763,ok,,in-repo,
N-sgb75_24,SGB,75,2476,3778423.0,borda_net_score,1944257.0,1834166.0,0.4854316205464555,0.0024666786193847656,ok,,in-repo,
N-sgb75_24,SGB,75,2476,3778423.0,weighted_eades,1219643.0,2558780.0,0.6772084544266219,0.003051280975341797,ok,,in-repo,
N-sgb75_24,SGB,75,2476,3778423.0,random_multistart,1558432.0,2219991.0,0.587544327355619,0.011439085006713867,ok,,in-repo,
N-sgb75_24,SGB,75,2476,3778423.0,igraph_approx_eades,1172249.0,2606174.0,0.6897517826881744,0.0025060176849365234,ok,,external-wrapper,python-igraph==1.0.0
N-sgb75_24,SGB,75,2476,3778423.0,drmaciver_fas,1036852.0,2741571.0,0.7255860447599435,0.9187166690826416,ok,,external-wrapper,16ff24a92fde886e58819180a9fe686e60991c5c
N-sgb75_25,SGB,75,2497,3769515.0,lrta_full,1059975.0,2709540.0,0.7188033473802332,0.044629573822021484,ok,,in-repo,
N-sgb75_25,SGB,75,2497,3769515.0,wmsf_seed,1059975.0,2709540.0,0.7188033473802332,0.056416988372802734,ok,,in-repo,
N-sgb75_25,SGB,75,2497,3769515.0,ipsns_full,1059975.0,2709540.0,0.7188033473802332,7.009247779846191,ok,,in-repo,
N-sgb75_25,SGB,75,2497,3769515.0,borda_net_score,2006643.0,1762872.0,0.4676654688998452,0.0024955272674560547,ok,,in-repo,
N-sgb75_25,SGB,75,2497,3769515.0,weighted_eades,1229970.0,2539545.0,0.6737060338001043,0.003061532974243164,ok,,in-repo,
N-sgb75_25,SGB,75,2497,3769515.0,random_multistart,1617719.0,2151796.0,0.5708416069441294,0.011459589004516602,ok,,in-repo,
N-sgb75_25,SGB,75,2497,3769515.0,igraph_approx_eades,1207679.0,2561836.0,0.6796195266499802,0.002551555633544922,ok,,external-wrapper,python-igraph==1.0.0
N-sgb75_25,SGB,75,2497,3769515.0,drmaciver_fas,1039663.0,2729852.0,0.7241918390031609,0.9370779991149902,ok,,external-wrapper,16ff24a92fde886e58819180a9fe686e60991c5c
N_be75eec,IO,49,889,244250.0,lrta_full,8193.0,236057.0,0.9664564994882293,0.006030559539794922,ok,,in-repo,
N_be75eec,IO,49,889,244250.0,wmsf_seed,8697.0,235553.0,0.9643930399181166,0.0049304962158203125,ok,,in-repo,
N_be75eec,IO,49,889,244250.0,ipsns_full,8007.0,236243.0,0.9672180143295803,0.47867345809936523,ok,,in-repo,
N_be75eec,IO,49,889,244250.0,borda_net_score,32843.0,211407.0,0.8655353121801433,0.0012538433074951172,ok,,in-repo,
N_be75eec,IO,49,889,244250.0,weighted_eades,26359.0,217891.0,0.8920818833162744,0.001424551010131836,ok,,in-repo,
N_be75eec,IO,49,889,244250.0,random_multistart,80258.0,163992.0,0.671410440122825,0.004751682281494141,ok,,in-repo,
N_be75eec,IO,49,889,244250.0,igraph_approx_eades,25492.0,218758.0,0.8956315250767656,0.0012881755828857422,ok,,external-wrapper,python-igraph==1.0.0
N_be75eec,IO,49,889,244250.0,drmaciver_fas,8088.0,236162.0,0.9668863868986693,0.8753762245178223,ok,,external-wrapper,16ff24a92fde886e58819180a9fe686e60991c5c
N_be75np,IO,50,1053,742630.0,lrta_full,29743.0,712887.0,0.9599490998209068,0.0064775943756103516,ok,,in-repo,
N_be75np,IO,50,1053,742630.0,wmsf_seed,29039.0,713591.0,0.9608970819923784,0.006919145584106445,ok,,in-repo,
N_be75np,IO,50,1053,742630.0,ipsns_full,27503.0,715127.0,0.9629654067301348,0.7196531295776367,ok,,in-repo,
N_be75np,IO,50,1053,742630.0,borda_net_score,168522.0,574108.0,0.7730740745728021,0.0013623237609863281,ok,,in-repo,
N_be75np,IO,50,1053,742630.0,weighted_eades,102116.0,640514.0,0.8624941087755679,0.0015633106231689453,ok,,in-repo,
N_be75np,IO,50,1053,742630.0,random_multistart,248953.0,493677.0,0.6647684580477492,0.0053501129150390625,ok,,in-repo,
N_be75np,IO,50,1053,742630.0,igraph_approx_eades,91019.0,651611.0,0.8774369470665069,0.0013325214385986328,ok,,external-wrapper,python-igraph==1.0.0
N_be75np,IO,50,1053,742630.0,drmaciver_fas,25900.0,716730.0,0.9651239513620511,0.6181292533874512,ok,,external-wrapper,16ff24a92fde886e58819180a9fe686e60991c5c
N_be75oi,IO,49,759,113994.0,lrta_full,2934.0,111060.0,0.9742618032528028,0.0041332244873046875,ok,,in-repo,
N_be75oi,IO,49,759,113994.0,wmsf_seed,3064.0,110930.0,0.9731213923539835,0.004202127456665039,ok,,in-repo,
N_be75oi,IO,49,759,113994.0,ipsns_full,2934.0,111060.0,0.9742618032528028,0.3937094211578369,ok,,in-repo,
N_be75oi,IO,49,759,113994.0,borda_net_score,14537.0,99457.0,0.8724757443374213,0.0012054443359375,ok,,in-repo,
N_be75oi,IO,49,759,113994.0,weighted_eades,12442.0,101552.0,0.8908539045914697,0.0012938976287841797,ok,,in-repo,
N_be75oi,IO,49,759,113994.0,random_multistart,31709.0,82285.0,0.7218362369949296,0.004262447357177734,ok,,in-repo,
N_be75oi,IO,49,759,113994.0,igraph_approx_eades,11376.0,102618.0,0.9002052739617875,0.0013089179992675781,ok,,external-wrapper,python-igraph==1.0.0
N_be75oi,IO,49,759,113994.0,drmaciver_fas,2987.0,111007.0,0.9737968665017457,0.7834243774414062,ok,,external-wrapper,16ff24a92fde886e58819180a9fe686e60991c5c
N_be75tot,IO,50,1070,1026004.0,lrta_full,53445.0,972559.0,0.9479095598067844,0.0077016353607177734,ok,,in-repo,
N_be75tot,IO,50,1070,1026004.0,wmsf_seed,56484.0,969520.0,0.9449475830503585,0.007780790328979492,ok,,in-repo,
N_be75tot,IO,50,1070,1026004.0,ipsns_full,49605.0,976399.0,0.9516522352739366,0.7592716217041016,ok,,in-repo,
N_be75tot,IO,50,1070,1026004.0,borda_net_score,211128.0,814876.0,0.7942230244716395,0.0013895034790039062,ok,,in-repo,
N_be75tot,IO,50,1070,1026004.0,weighted_eades,144843.0,881161.0,0.8588280357581451,0.0015628337860107422,ok,,in-repo,
N_be75tot,IO,50,1070,1026004.0,random_multistart,317196.0,708808.0,0.6908433105523956,0.005471229553222656,ok,,in-repo,
N_be75tot,IO,50,1070,1026004.0,igraph_approx_eades,128819.0,897185.0,0.8744459085929489,0.0013492107391357422,ok,,external-wrapper,python-igraph==1.0.0
N_be75tot,IO,50,1070,1026004.0,drmaciver_fas,45488.0,980516.0,0.9556648901953598,0.6430115699768066,ok,,external-wrapper,16ff24a92fde886e58819180a9fe686e60991c5c
N_stabu70,IO,59,1499,388248.0,lrta_full,29941.0,358307.0,0.9228817662937092,0.015006303787231445,ok,,in-repo,
N_stabu70,IO,59,1499,388248.0,wmsf_seed,30976.0,357272.0,0.9202159444478787,0.01373744010925293,ok,,in-repo,
N_stabu70,IO,59,1499,388248.0,ipsns_full,27593.0,360655.0,0.9289294471574869,2.064499855041504,ok,,in-repo,
N_stabu70,IO,59,1499,388248.0,borda_net_score,71868.0,316380.0,0.8148915126414045,0.0017824172973632812,ok,,in-repo,
N_stabu70,IO,59,1499,388248.0,weighted_eades,61797.0,326451.0,0.8408311182543117,0.0020596981048583984,ok,,in-repo,
N_stabu70,IO,59,1499,388248.0,random_multistart,141836.0,246412.0,0.6346768045167007,0.007262468338012695,ok,,in-repo,
N_stabu70,IO,59,1499,388248.0,igraph_approx_eades,59297.0,328951.0,0.8472703014568008,0.0017511844635009766,ok,,external-wrapper,python-igraph==1.0.0
N_stabu70,IO,59,1499,388248.0,drmaciver_fas,26421.0,361827.0,0.9319481362428139,0.8110017776489258,ok,,external-wrapper,16ff24a92fde886e58819180a9fe686e60991c5c
N_stabu74,IO,59,1502,574775.0,lrta_full,42134.0,532641.0,0.9266947936148928,0.015227317810058594,ok,,in-repo,
N_stabu74,IO,59,1502,574775.0,wmsf_seed,43126.0,531649.0,0.9249689008742551,0.012529850006103516,ok,,in-repo,
N_stabu74,IO,59,1502,574775.0,ipsns_full,41295.0,533480.0,0.9281544952372668,2.2378742694854736,ok,,in-repo,
N_stabu74,IO,59,1502,574775.0,borda_net_score,103969.0,470806.0,0.8191135661780696,0.0017466545104980469,ok,,in-repo,
N_stabu74,IO,59,1502,574775.0,weighted_eades,85278.0,489497.0,0.8516323778869993,0.0020418167114257812,ok,,in-repo,
N_stabu74,IO,59,1502,574775.0,random_multistart,203187.0,371588.0,0.6464929755121569,0.007337808609008789,ok,,in-repo,
N_stabu74,IO,59,1502,574775.0,igraph_approx_eades,82453.0,492322.0,0.8565473446131094,0.0017702579498291016,ok,,external-wrapper,python-igraph==1.0.0
N_stabu74,IO,59,1502,574775.0,drmaciver_fas,33531.0,541244.0,0.941662389630725,0.7747220993041992,ok,,external-wrapper,16ff24a92fde886e58819180a9fe686e60991c5c
N_stabu75,IO,59,1482,588686.0,lrta_full,42280.0,546406.0,0.9281790292278057,0.016388654708862305,ok,,in-repo,
N_stabu75,IO,59,1482,588686.0,wmsf_seed,43562.0,545124.0,0.9260012978056213,0.012127399444580078,ok,,in-repo,
N_stabu75,IO,59,1482,588686.0,ipsns_full,41583.0,547103.0,0.9293630220525033,2.4784164428710938,ok,,in-repo,
N_stabu75,IO,59,1482,588686.0,borda_net_score,107957.0,480729.0,0.8166136106515188,0.0017414093017578125,ok,,in-repo,
N_stabu75,IO,59,1482,588686.0,weighted_eades,82355.0,506331.0,0.86010368855383,0.0020241737365722656,ok,,in-repo,
N_stabu75,IO,59,1482,588686.0,random_multistart,204549.0,384137.0,0.6525329292695936,0.0070705413818359375,ok,,in-repo,
N_stabu75,IO,59,1482,588686.0,igraph_approx_eades,80259.0,508427.0,0.8636641605202094,0.0017580986022949219,ok,,external-wrapper,python-igraph==1.0.0
N_stabu75,IO,59,1482,588686.0,drmaciver_fas,36678.0,552008.0,0.9376951379852757,0.763465166091919,ok,,external-wrapper,16ff24a92fde886e58819180a9fe686e60991c5c
N_tiw56n54,IO,55,1237,96280.0,lrta_full,4922.0,91358.0,0.9488782717075197,0.008957862854003906,ok,,in-repo,
N_tiw56n54,IO,55,1237,96280.0,wmsf_seed,5341.0,90939.0,0.9445263813876195,0.010148763656616211,ok,,in-repo,
N_tiw56n54,IO,55,1237,96280.0,ipsns_full,4841.0,91439.0,0.94971956792688,1.3776469230651855,ok,,in-repo,
N_tiw56n54,IO,55,1237,96280.0,borda_net_score,19917.0,76363.0,0.7931346073950977,0.0015289783477783203,ok,,in-repo,
N_tiw56n54,IO,55,1237,96280.0,weighted_eades,14731.0,81549.0,0.8469983381803075,0.0017385482788085938,ok,,in-repo,
N_tiw56n54,IO,55,1237,96280.0,random_multistart,33151.0,63129.0,0.655681346073951,0.006086826324462891,ok,,in-repo,
N_tiw56n54,IO,55,1237,96280.0,igraph_approx_eades,13709.0,82571.0,0.8576132114665559,0.0014765262603759766,ok,,external-wrapper,python-igraph==1.0.0
N_tiw56n54,IO,55,1237,96280.0,drmaciver_fas,5333.0,90947.0,0.9446094723722476,0.762357234954834,ok,,external-wrapper,16ff24a92fde886e58819180a9fe686e60991c5c
N_tiw56r54,IO,55,1244,108807.0,lrta_full,6211.0,102596.0,0.9429172755429338,0.010205984115600586,ok,,in-repo,
N_tiw56r54,IO,55,1244,108807.0,wmsf_seed,6916.0,101891.0,0.9364379130019208,0.009883880615234375,ok,,in-repo,
N_tiw56r54,IO,55,1244,108807.0,ipsns_full,6141.0,102666.0,0.9435606165044529,1.4290685653686523,ok,,in-repo,
N_tiw56r54,IO,55,1244,108807.0,borda_net_score,22872.0,85935.0,0.7897929361162426,0.0015261173248291016,ok,,in-repo,
N_tiw56r54,IO,55,1244,108807.0,weighted_eades,17249.0,91558.0,0.8414715964965489,0.0017278194427490234,ok,,in-repo,
N_tiw56r54,IO,55,1244,108807.0,random_multistart,37138.0,71669.0,0.6586800481586662,0.0060482025146484375,ok,,in-repo,
N_tiw56r54,IO,55,1244,108807.0,igraph_approx_eades,16484.0,92323.0,0.8485023941474353,0.0015003681182861328,ok,,external-wrapper,python-igraph==1.0.0
N_tiw56r54,IO,55,1244,108807.0,drmaciver_fas,6146.0,102661.0,0.94351466357863,0.8593053817749023,ok,,external-wrapper,16ff24a92fde886e58819180a9fe686e60991c5c
N_usa79,IO,79,2705,1948625.0,lrta_full,162646.0,1785979.0,0.9165329398935147,0.0567476749420166,ok,,in-repo,
N_usa79,IO,79,2705,1948625.0,wmsf_seed,174692.0,1773933.0,0.9103511450381679,0.030728816986083984,ok,,in-repo,
N_usa79,IO,79,2705,1948625.0,ipsns_full,160458.0,1788167.0,0.9176557829238565,9.721046447753906,ok,,in-repo,
N_usa79,IO,79,2705,1948625.0,borda_net_score,428128.0,1520497.0,0.7802922573609596,0.0027208328247070312,ok,,in-repo,
N_usa79,IO,79,2705,1948625.0,weighted_eades,310954.0,1637671.0,0.8404238886394252,0.0032820701599121094,ok,,in-repo,
N_usa79,IO,79,2705,1948625.0,random_multistart,687674.0,1260951.0,0.6470978253896978,0.012403011322021484,ok,,in-repo,
N_usa79,IO,79,2705,1948625.0,igraph_approx_eades,294294.0,1654331.0,0.8489735069600359,0.0028944015502929688,ok,,external-wrapper,python-igraph==1.0.0
N_usa79,IO,79,2705,1948625.0,drmaciver_fas,138028.0,1810597.0,0.9291664635319776,0.9844682216644287,ok,,external-wrapper,16ff24a92fde886e58819180a9fe686e60991c5c
N_t1d100_01,RandA1,100,4908,163151.0,lrta_full,62715.0,100436.0,0.6156014979987864,0.13435602188110352,ok,,in-repo,
N_t1d100_01,RandA1,100,4908,163151.0,wmsf_seed,65953.0,97198.0,0.5957548528663631,0.13845586776733398,ok,,in-repo,
N_t1d100_01,RandA1,100,4908,163151.0,ipsns_full,62715.0,100436.0,0.6156014979987864,22.77619194984436,ok,,in-repo,
N_t1d100_01,RandA1,100,4908,163151.0,borda_net_score,69901.0,93250.0,0.5715564109322039,0.004362344741821289,ok,,in-repo,
N_t1d100_01,RandA1,100,4908,163151.0,weighted_eades,64155.0,98996.0,0.6067753185699137,0.0056934356689453125,ok,,in-repo,
N_t1d100_01,RandA1,100,4908,163151.0,random_multistart,77449.0,85702.0,0.5252925204258632,0.021889209747314453,ok,,in-repo,
N_t1d100_01,RandA1,100,4908,163151.0,igraph_approx_eades,63790.0,99361.0,0.6090125098834822,0.004603862762451172,ok,,external-wrapper,python-igraph==1.0.0
N_t1d100_01,RandA1,100,4908,163151.0,drmaciver_fas,58093.0,105058.0,0.6439310822489596,0.9661386013031006,ok,,external-wrapper,16ff24a92fde886e58819180a9fe686e60991c5c
N_t1d100_02,RandA1,100,4901,163604.0,lrta_full,64108.0,99496.0,0.6081513899415663,0.12497758865356445,ok,,in-repo,
N_t1d100_02,RandA1,100,4901,163604.0,wmsf_seed,66996.0,96608.0,0.5904990098041613,0.1321272850036621,ok,,in-repo,
N_t1d100_02,RandA1,100,4901,163604.0,ipsns_full,63385.0,100219.0,0.6125705972959097,20.862133502960205,ok,,in-repo,
N_t1d100_02,RandA1,100,4901,163604.0,borda_net_score,71394.0,92210.0,0.5636170264785703,0.004174709320068359,ok,,in-repo,
N_t1d100_02,RandA1,100,4901,163604.0,weighted_eades,65808.0,97796.0,0.5977604459548667,0.005421876907348633,ok,,in-repo,
N_t1d100_02,RandA1,100,4901,163604.0,random_multistart,78730.0,84874.0,0.5187770470159654,0.021378278732299805,ok,,in-repo,
N_t1d100_02,RandA1,100,4901,163604.0,igraph_approx_eades,65768.0,97836.0,0.5980049387545536,0.004502534866333008,ok,,external-wrapper,python-igraph==1.0.0
N_t1d100_02,RandA1,100,4901,163604.0,drmaciver_fas,59161.0,104443.0,0.6383890369428621,1.0072224140167236,ok,,external-wrapper,16ff24a92fde886e58819180a9fe686e60991c5c
N_t1d100_03,RandA1,100,4895,168461.0,lrta_full,65155.0,103306.0,0.6132339235787512,0.12891674041748047,ok,,in-repo,
N_t1d100_03,RandA1,100,4895,168461.0,wmsf_seed,70228.0,98233.0,0.5831201286944753,0.13823771476745605,ok,,in-repo,
N_t1d100_03,RandA1,100,4895,168461.0,ipsns_full,65155.0,103306.0,0.6132339235787512,22.11108112335205,ok,,in-repo,
N_t1d100_03,RandA1,100,4895,168461.0,borda_net_score,72483.0,95978.0,0.569734241159675,0.004118442535400391,ok,,in-repo,
N_t1d100_03,RandA1,100,4895,168461.0,weighted_eades,67595.0,100866.0,0.5987498590178142,0.005339622497558594,ok,,in-repo,
N_t1d100_03,RandA1,100,4895,168461.0,random_multistart,80592.0,87869.0,0.5215984708626923,0.020973682403564453,ok,,in-repo,
N_t1d100_03,RandA1,100,4895,168461.0,igraph_approx_eades,67497.0,100964.0,0.599331596037065,0.0045130252838134766,ok,,external-wrapper,python-igraph==1.0.0
N_t1d100_03,RandA1,100,4895,168461.0,drmaciver_fas,59502.0,108959.0,0.6467906518422661,0.9853518009185791,ok,,external-wrapper,16ff24a92fde886e58819180a9fe686e60991c5c
N_t1d100_04,RandA1,100,4897,168195.0,lrta_full,67238.0,100957.0,0.6002378191979547,0.12371063232421875,ok,,in-repo,
N_t1d100_04,RandA1,100,4897,168195.0,wmsf_seed,69824.0,98371.0,0.5848628080501799,0.13339853286743164,ok,,in-repo,
N_t1d100_04,RandA1,100,4897,168195.0,ipsns_full,67024.0,101171.0,0.6015101519070127,21.110311269760132,ok,,in-repo,
N_t1d100_04,RandA1,100,4897,168195.0,borda_net_score,71729.0,96466.0,0.5735366687475847,0.004311084747314453,ok,,in-repo,
N_t1d100_04,RandA1,100,4897,168195.0,weighted_eades,66895.0,101300.0,0.6022771188204168,0.0054438114166259766,ok,,in-repo,
N_t1d100_04,RandA1,100,4897,168195.0,random_multistart,79994.0,88201.0,0.5243972769701835,0.021282434463500977,ok,,in-repo,
N_t1d100_04,RandA1,100,4897,168195.0,igraph_approx_eades,66681.0,101514.0,0.6035494515294747,0.004610538482666016,ok,,external-wrapper,python-igraph==1.0.0
N_t1d100_04,RandA1,100,4897,168195.0,drmaciver_fas,61151.0,107044.0,0.6364279556467196,1.1116828918457031,ok,,external-wrapper,16ff24a92fde886e58819180a9fe686e60991c5c
N_t1d100_05,RandA1,100,4892,168091.0,lrta_full,66857.0,101234.0,0.602257110731687,0.1240532398223877,ok,,in-repo,
N_t1d100_05,RandA1,100,4892,168091.0,wmsf_seed,69398.0,98693.0,0.5871402990047058,0.1331186294555664,ok,,in-repo,
N_t1d100_05,RandA1,100,4892,168091.0,ipsns_full,66725.0,101366.0,0.6030423996525691,21.041409254074097,ok,,in-repo,
N_t1d100_05,RandA1,100,4892,168091.0,borda_net_score,73257.0,94834.0,0.5641824963858862,0.0041768550872802734,ok,,in-repo,
N_t1d100_05,RandA1,100,4892,168091.0,weighted_eades,67746.0,100345.0,0.5969683088327156,0.0053784847259521484,ok,,in-repo,
N_t1d100_05,RandA1,100,4892,168091.0,random_multistart,79928.0,88163.0,0.5244956600888804,0.021143436431884766,ok,,in-repo,
N_t1d100_05,RandA1,100,4892,168091.0,igraph_approx_eades,67581.0,100510.0,0.5979499199838183,0.004582405090332031,ok,,external-wrapper,python-igraph==1.0.0
N_t1d100_05,RandA1,100,4892,168091.0,drmaciver_fas,61096.0,106995.0,0.6365302128013992,1.1891334056854248,ok,,external-wrapper,16ff24a92fde886e58819180a9fe686e60991c5c
N_t1d150_01,RandA1,150,11074,377711.0,lrta_full,159044.0,218667.0,0.5789267455806159,0.4508693218231201,ok,,in-repo,
N_t1d150_01,RandA1,150,11074,377711.0,wmsf_seed,168163.0,209548.0,0.5547839485744391,0.4320080280303955,ok,,in-repo,
N_t1d150_01,RandA1,150,11074,377711.0,ipsns_full,159044.0,218667.0,0.5789267455806159,73.29596829414368,ok,,in-repo,
N_t1d150_01,RandA1,150,11074,377711.0,borda_net_score,169653.0,208058.0,0.5508391336233258,0.00925445556640625,ok,,in-repo,
N_t1d150_01,RandA1,150,11074,377711.0,weighted_eades,158895.0,218816.0,0.5793212270757272,0.011660099029541016,ok,,in-repo,
N_t1d150_01,RandA1,150,11074,377711.0,random_multistart,183247.0,194464.0,0.5148486541297447,0.04794931411743164,ok,,in-repo,
N_t1d150_01,RandA1,150,11074,377711.0,igraph_approx_eades,158768.0,218943.0,0.5796574629809563,0.01003718376159668,ok,,external-wrapper,python-igraph==1.0.0
N_t1d150_01,RandA1,150,11074,377711.0,drmaciver_fas,146626.0,231085.0,0.6118037335423114,1.4886188507080078,ok,,external-wrapper,16ff24a92fde886e58819180a9fe686e60991c5c
N_t1d150_02,RandA1,150,11037,374212.0,lrta_full,156579.0,217633.0,0.5815767532842346,0.5078065395355225,ok,,in-repo,
N_t1d150_02,RandA1,150,11037,374212.0,wmsf_seed,161779.0,212433.0,0.5676808867700661,0.42188310623168945,ok,,in-repo,
N_t1d150_02,RandA1,150,11037,374212.0,ipsns_full,156579.0,217633.0,0.5815767532842346,85.5575692653656,ok,,in-repo,
N_t1d150_02,RandA1,150,11037,374212.0,borda_net_score,165917.0,208295.0,0.5566229837632144,0.00915670394897461,ok,,in-repo,
N_t1d150_02,RandA1,150,11037,374212.0,weighted_eades,154372.0,219840.0,0.5874744797066903,0.011872053146362305,ok,,in-repo,
N_t1d150_02,RandA1,150,11037,374212.0,random_multistart,181478.0,192734.0,0.5150396032195654,0.049436092376708984,ok,,in-repo,
N_t1d150_02,RandA1,150,11037,374212.0,igraph_approx_eades,154299.0,219913.0,0.5876695562942931,0.010751724243164062,ok,,external-wrapper,python-igraph==1.0.0
N_t1d150_02,RandA1,150,11037,374212.0,drmaciver_fas,143532.0,230680.0,0.6164420168246876,1.232872724533081,ok,,external-wrapper,16ff24a92fde886e58819180a9fe686e60991c5c
N_t1d150_03,RandA1,150,11068,378390.0,lrta_full,156530.0,221860.0,0.5863262771214884,0.4682803153991699,ok,,in-repo,
N_t1d150_03,RandA1,150,11068,378390.0,wmsf_seed,166807.0,211583.0,0.5591664684584687,0.43904590606689453,ok,,in-repo,
N_t1d150_03,RandA1,150,11068,378390.0,ipsns_full,156530.0,221860.0,0.5863262771214884,83.49795484542847,ok,,in-repo,
N_t1d150_03,RandA1,150,11068,378390.0,borda_net_score,168245.0,210145.0,0.555366156610904,0.009200572967529297,ok,,in-repo,
N_t1d150_03,RandA1,150,11068,378390.0,weighted_eades,157458.0,220932.0,0.583873781019583,0.011629343032836914,ok,,in-repo,
N_t1d150_03,RandA1,150,11068,378390.0,random_multistart,183902.0,194488.0,0.5139882132191654,0.04773855209350586,ok,,in-repo,
N_t1d150_03,RandA1,150,11068,378390.0,igraph_approx_eades,157294.0,221096.0,0.5843071962789714,0.010339021682739258,ok,,external-wrapper,python-igraph==1.0.0
N_t1d150_03,RandA1,150,11068,378390.0,drmaciver_fas,144985.0,233405.0,0.616837125716853,1.3183069229125977,ok,,external-wrapper,16ff24a92fde886e58819180a9fe686e60991c5c
N_t1d150_04,RandA1,150,11058,374696.0,lrta_full,157485.0,217211.0,0.5796992762132502,0.4876585006713867,ok,,in-repo,
N_t1d150_04,RandA1,150,11058,374696.0,wmsf_seed,165388.0,209308.0,0.5586075111557103,0.43689680099487305,ok,,in-repo,
N_t1d150_04,RandA1,150,11058,374696.0,ipsns_full,155249.0,219447.0,0.5856667805367551,85.87099862098694,ok,,in-repo,
N_t1d150_04,RandA1,150,11058,374696.0,borda_net_score,165689.0,209007.0,0.5578041932660076,0.009186029434204102,ok,,in-repo,
N_t1d150_04,RandA1,150,11058,374696.0,weighted_eades,155260.0,219436.0,0.5856374234045733,0.011700630187988281,ok,,in-repo,
N_t1d150_04,RandA1,150,11058,374696.0,random_multistart,182214.0,192482.0,0.5137017742383159,0.04738497734069824,ok,,in-repo,
N_t1d150_04,RandA1,150,11058,374696.0,igraph_approx_eades,155088.0,219608.0,0.586096462198689,0.009975910186767578,ok,,external-wrapper,python-igraph==1.0.0
N_t1d150_04,RandA1,150,11058,374696.0,drmaciver_fas,144186.0,230510.0,0.615192049021073,1.3722617626190186,ok,,external-wrapper,16ff24a92fde886e58819180a9fe686e60991c5c
N_t1d150_05,RandA1,150,11058,374817.0,lrta_full,156859.0,217958.0,0.5815051078259524,0.46811580657958984,ok,,in-repo,
N_t1d150_05,RandA1,150,11058,374817.0,wmsf_seed,163500.0,211317.0,0.5637871281185218,0.426159143447876,ok,,in-repo,
N_t1d150_05,RandA1,150,11058,374817.0,ipsns_full,156859.0,217958.0,0.5815051078259524,87.30854678153992,ok,,in-repo,
N_t1d150_05,RandA1,150,11058,374817.0,borda_net_score,165760.0,209057.0,0.5577575190026066,0.009015560150146484,ok,,in-repo,
N_t1d150_05,RandA1,150,11058,374817.0,weighted_eades,156704.0,218113.0,0.5819186429644333,0.011553525924682617,ok,,in-repo,
N_t1d150_05,RandA1,150,11058,374817.0,random_multistart,182024.0,192793.0,0.5143656771170998,0.047539710998535156,ok,,in-repo,
N_t1d150_05,RandA1,150,11058,374817.0,igraph_approx_eades,156494.0,218323.0,0.5824789163778591,0.009982585906982422,ok,,external-wrapper,python-igraph==1.0.0
N_t1d150_05,RandA1,150,11058,374817.0,drmaciver_fas,144335.0,230482.0,0.6149187470152101,1.2243154048919678,ok,,external-wrapper,16ff24a92fde886e58819180a9fe686e60991c5c
N_t1d200_01,RandA1,200,19699,672568.0,lrta_full,289934.0,382634.0,0.5689149647321906,1.4490916728973389,ok,,in-repo,
N_t1d200_01,RandA1,200,19699,672568.0,wmsf_seed,300657.0,371911.0,0.55297159543719,0.964378833770752,ok,,in-repo,
N_t1d200_01,RandA1,200,19699,672568.0,ipsns_full,289459.0,383109.0,0.5696212130223264,243.71336603164673,ok,,in-repo,
N_t1d200_01,RandA1,200,19699,672568.0,borda_net_score,302305.0,370263.0,0.5505212855800454,0.015294075012207031,ok,,in-repo,
N_t1d200_01,RandA1,200,19699,672568.0,weighted_eades,285935.0,386633.0,0.5748608319158807,0.019890785217285156,ok,,in-repo,
N_t1d200_01,RandA1,200,19699,672568.0,random_multistart,330009.0,342559.0,0.5093299116223192,0.08513069152832031,ok,,in-repo,
N_t1d200_01,RandA1,200,19699,672568.0,igraph_approx_eades,285703.0,386865.0,0.575205778449168,0.017278671264648438,ok,,external-wrapper,python-igraph==1.0.0
N_t1d200_01,RandA1,200,19699,672568.0,drmaciver_fas,265589.0,406979.0,0.6051120481497781,1.433074951171875,ok,,external-wrapper,16ff24a92fde886e58819180a9fe686e60991c5c
N_t1d200_02,RandA1,200,19697,666887.0,lrta_full,283318.0,383569.0,0.5751634084934929,1.2726738452911377,ok,,in-repo,
N_t1d200_02,RandA1,200,19697,666887.0,wmsf_seed,299127.0,367760.0,0.5514577432158672,1.0133779048919678,ok,,in-repo,
N_t1d200_02,RandA1,200,19697,666887.0,ipsns_full,283318.0,383569.0,0.5751634084934929,228.09993290901184,ok,,in-repo,
N_t1d200_02,RandA1,200,19697,666887.0,borda_net_score,299451.0,367436.0,0.5509719037857987,0.015263795852661133,ok,,in-repo,
N_t1d200_02,RandA1,200,19697,666887.0,weighted_eades,282638.0,384249.0,0.5761830714948709,0.020587444305419922,ok,,in-repo,
N_t1d200_02,RandA1,200,19697,666887.0,random_multistart,324878.0,342009.0,0.5128440050563289,0.08409690856933594,ok,,in-repo,
N_t1d200_02,RandA1,200,19697,666887.0,igraph_approx_eades,282432.0,384455.0,0.576491969404112,0.01789116859436035,ok,,external-wrapper,python-igraph==1.0.0
N_t1d200_02,RandA1,200,19697,666887.0,drmaciver_fas,265158.0,401729.0,0.6023944086479418,1.3005483150482178,ok,,external-wrapper,16ff24a92fde886e58819180a9fe686e60991c5c
N_t1d200_03,RandA1,200,19715,667017.0,lrta_full,286463.0,380554.0,0.5705311858618296,1.3835923671722412,ok,,in-repo,
N_t1d200_03,RandA1,200,19715,667017.0,wmsf_seed,300794.0,366223.0,0.5490459763394336,0.999847412109375,ok,,in-repo,
N_t1d200_03,RandA1,200,19715,667017.0,ipsns_full,285675.0,381342.0,0.5717125650470678,230.44182467460632,ok,,in-repo,
N_t1d200_03,RandA1,200,19715,667017.0,borda_net_score,300005.0,367012.0,0.5502288547368358,0.015314579010009766,ok,,in-repo,
N_t1d200_03,RandA1,200,19715,667017.0,weighted_eades,287078.0,379939.0,0.5696091703809648,0.01990652084350586,ok,,in-repo,
N_t1d200_03,RandA1,200,19715,667017.0,random_multistart,326727.0,340290.0,0.510166907290219,0.08585023880004883,ok,,in-repo,
N_t1d200_03,RandA1,200,19715,667017.0,igraph_approx_eades,286826.0,380191.0,0.5699869718462948,0.01739978790283203,ok,,external-wrapper,python-igraph==1.0.0
N_t1d200_03,RandA1,200,19715,667017.0,drmaciver_fas,264345.0,402672.0,0.6036907605053544,1.4249484539031982,ok,,external-wrapper,16ff24a92fde886e58819180a9fe686e60991c5c
N_t1d200_04,RandA1,200,19703,670817.0,lrta_full,287211.0,383606.0,0.5718489543347888,1.3240993022918701,ok,,in-repo,
N_t1d200_04,RandA1,200,19703,670817.0,wmsf_seed,301308.0,369509.0,0.5508342811824983,0.992074728012085,ok,,in-repo,
N_t1d200_04,RandA1,200,19703,670817.0,ipsns_full,287211.0,383606.0,0.5718489543347888,235.4699764251709,ok,,in-repo,
N_t1d200_04,RandA1,200,19703,670817.0,borda_net_score,302264.0,368553.0,0.549409153316031,0.014914512634277344,ok,,in-repo,
N_t1d200_04,RandA1,200,19703,670817.0,weighted_eades,286506.0,384311.0,0.5728999116003322,0.01985764503479004,ok,,in-repo,
N_t1d200_04,RandA1,200,19703,670817.0,random_multistart,328379.0,342438.0,0.510479012905159,0.08486175537109375,ok,,in-repo,
N_t1d200_04,RandA1,200,19703,670817.0,igraph_approx_eades,286154.0,384663.0,0.573424644873341,0.01757359504699707,ok,,external-wrapper,python-igraph==1.0.0
N_t1d200_04,RandA1,200,19703,670817.0,drmaciver_fas,267153.0,403664.0,0.6017498065791416,1.3377084732055664,ok,,external-wrapper,16ff24a92fde886e58819180a9fe686e60991c5c
N_t1d200_05,RandA1,200,19717,675232.0,lrta_full,291999.0,383233.0,0.5675575209705701,1.3005313873291016,ok,,in-repo,
N_t1d200_05,RandA1,200,19717,675232.0,wmsf_seed,307999.0,367233.0,0.5438619615184115,0.972783088684082,ok,,in-repo,
N_t1d200_05,RandA1,200,19717,675232.0,ipsns_full,291398.0,383834.0,0.5684475854224919,237.6576747894287,ok,,in-repo,
N_t1d200_05,RandA1,200,19717,675232.0,borda_net_score,307250.0,367982.0,0.5449712098952656,0.014791727066040039,ok,,in-repo,
N_t1d200_05,RandA1,200,19717,675232.0,weighted_eades,287974.0,387258.0,0.5735184351452538,0.020272016525268555,ok,,in-repo,
N_t1d200_05,RandA1,200,19717,675232.0,random_multistart,328193.0,347039.0,0.5139552035448557,0.09583067893981934,ok,,in-repo,
N_t1d200_05,RandA1,200,19717,675232.0,igraph_approx_eades,287822.0,387410.0,0.5737435429600493,0.018221378326416016,ok,,external-wrapper,python-igraph==1.0.0
N_t1d200_05,RandA1,200,19717,675232.0,drmaciver_fas,268729.0,406503.0,0.6020197502488034,1.748488426208496,ok,,external-wrapper,16ff24a92fde886e58819180a9fe686e60991c5c
