surface,related_item,current_status_wording,author_confirmed_status,accurate_before_change,change_required,replacement_wording,artifact_rebuild_required
cover_letter.tex — related manuscripts paragraph,JOCO-D-26-00099,"An earlier author manuscript on LR-TA was submitted to the Journal of Combinatorial Optimization (manuscript ID JOCO-D-26-00099)","REJECTED","NO — did not state rejection or inactivity; wording implied possible active status","YES","An earlier author manuscript on LR-TA was submitted to the Journal of Combinatorial Optimization (manuscript ID JOCO-D-26-00099) and was rejected.","YES — Vahidi_COAP_Cover_Letter.pdf rebuilt"
cover_letter.tex — related manuscripts paragraph,DA19469,"a separate author manuscript on IPSNS was submitted to Discrete Applied Mathematics (manuscript ID DA19469)","REJECTED","NO — did not state rejection or inactivity","YES","A separate author manuscript on IPSNS was submitted to Discrete Applied Mathematics (manuscript ID DA19469) and was rejected.","YES — Vahidi_COAP_Cover_Letter.pdf rebuilt"
cover_letter.tex — related manuscripts paragraph,CAIE,"Repository packages were also prepared for Computers & Industrial Engineering...preparation of a package does not by itself establish submission history","REJECTED","NO — implied uncertainty about whether formally submitted","YES","A related manuscript was submitted to Computers & Industrial Engineering and was rejected.","YES — Vahidi_COAP_Cover_Letter.pdf rebuilt"
cover_letter.tex — related manuscripts paragraph,EJCO,"[CAIE/EJCO submission dates are disclosed separately in the enclosed related-manuscript statement]","REJECTED","NO — implied uncertainty about submission and outcome","YES","A further related manuscript was submitted to the EURO Journal on Computational Optimization and was rejected.","YES — Vahidi_COAP_Cover_Letter.pdf rebuilt"
cover_letter.tex — publication status,ALL,"I confirm that no substantially overlapping manuscript by me is under consideration elsewhere at the time of submission","NONE ACTIVE","YES — declaration was already factually accurate (author confirmed); no text change needed","NO","[no change — declaration is accurate and retained verbatim]","NO"
related_manuscripts_statement.tex — JOCO section,JOCO-D-26-00099,"previously submitted author manuscript (editorial outcome documented in author records not reproduced here)","REJECTED","NO — hedged; did not state rejected","YES","submitted to the Journal of Combinatorial Optimization; rejected; no longer under consideration","YES — Vahidi_Related_Manuscripts_Statement.pdf rebuilt"
related_manuscripts_statement.tex — DAM section,DA19469,"previously submitted author manuscript (editorial outcome documented in author records not reproduced here)","REJECTED","NO — hedged; did not state rejected","YES","submitted to Discrete Applied Mathematics; rejected; no longer under consideration","YES — Vahidi_Related_Manuscripts_Statement.pdf rebuilt"
related_manuscripts_statement.tex — CAIE section,CAIE,"submission package prepared in repository; whether and when it was submitted to Computers & Industrial Engineering is recorded in author submission logs outside this statement","REJECTED","NO — did not confirm submission or state rejected","YES","submitted to Computers & Industrial Engineering; rejected; no longer under consideration","YES — Vahidi_Related_Manuscripts_Statement.pdf rebuilt"
related_manuscripts_statement.tex — EJCO section,EJCO,"submission package prepared in repository; submission outcome if any is recorded in author submission logs outside this statement","REJECTED","NO — did not confirm submission or state rejected","YES","submitted to the EURO Journal on Computational Optimization; rejected; no longer under consideration","YES — Vahidi_Related_Manuscripts_Statement.pdf rebuilt"
related_manuscripts_statement.tex — arXiv section,arXiv:2412.16181,"public preprint","PREPRINT_ONLY","YES","NO","[no change]","NO"
sections/02_related_work.tex — LR-TA paragraph,JOCO-D-26-00099,"An earlier author manuscript archived in this repository...% AUTHOR-STATUS comment","REJECTED","NO — AUTHOR-STATUS comment explicitly said confirmation required; JOCO not named","YES","'submitted to the Journal of Combinatorial Optimization as JOCO-D-26-00099; rejected' added inline; AUTHOR-STATUS comment removed","YES — Vahidi_COAP_Manuscript.pdf and Source.zip rebuilt"
sections/02_related_work.tex — DAM paragraph,DA19469,"A separate archived author manuscript...% AUTHOR-STATUS comment","REJECTED","NO — AUTHOR-STATUS comment said confirmation required; DAM not named","YES","'submitted to Discrete Applied Mathematics as DA19469; rejected' added inline; AUTHOR-STATUS comment removed","YES — Vahidi_COAP_Manuscript.pdf and Source.zip rebuilt"
sections/02_related_work.tex — CAIE/EJCO paragraph,CAIE and EJCO,"Preparation of a submission package in the repository does not by itself establish submission history; any prior journal submission dates and outcomes must be disclosed separately in the cover letter. % AUTHOR-STATUS comment","REJECTED","NO — explicitly stated uncertainty about submission and deferred outcomes","YES","Related manuscripts were submitted to CAIE and EJCO; both were rejected and are no longer under consideration. Those manuscripts predate the consolidated formal-analysis section holdout and EXP10.","YES — Vahidi_COAP_Manuscript.pdf and Source.zip rebuilt"
declarations/statements_and_declarations.tex — related manuscripts,ALL,"Submission history and manuscript identifiers for those predecessors will be disclosed in the cover letter where author records are complete.","ALL REJECTED","NO — implied records were incomplete","YES","States all four prior submissions with their venues and confirmed rejected status","YES — Vahidi_COAP_Manuscript.pdf and Source.zip rebuilt"
EDITORIAL_MANAGER_FINAL_COPY_READY_TEXT.md — gate block,JOCO and DAM,"PRE-SUBMISSION GATE — AUTHOR CONFIRMATION REQUIRED; This file does not assert that JOCO-D-26-00099 or DA19469 are currently inactive","REJECTED","NO — explicitly said confirmation required","YES","SUBMISSION STATUS: CLEARED FOR COAP SUBMISSION; all four prior submissions author-confirmed rejected","NO — metadata file not an upload artifact"
EDITORIAL_MANAGER_FINAL_COPY_READY_TEXT.md — related work field,ALL,"A public preprint (arXiv:2412.16181) and previously submitted author manuscripts (JOCO-D-26-00099; DA19469) are disclosed. Prepared CAIE/EJCO packages are described...","ALL REJECTED","NO — used 'prepared packages' for CAIE/EJCO; no rejection stated","YES","All four journal submissions were rejected. The uploaded related-manuscript statement identifies inherited components and substantial new contributions. No substantially overlapping manuscript is currently under consideration elsewhere.","NO — metadata file not an upload artifact"
AUTHOR_PRE_SUBMISSION_CONFIRMATION.md — blocker section,JOCO and DAM,"[X] JOCO-D-26-00099 is not under conflicting active consideration. [X] DA19469 is not under conflicting active consideration.","REJECTED","NO — were unchecked blocker checkboxes requiring portal login to confirm","YES","Repository record: JOCO/DA/CAIE/EJCO — author confirmed rejected and inactive. No concurrent-submission conflict remains.","NO — metadata file not an upload artifact"
