experiment_id,canonical_directory,purpose,scientific_question,benchmark_set,methods,parameters,seeds_repetitions,status,completion_marker,raw_data_status,checkpoint_status,summary_status,manuscript_use,or1_use,source_commit_hint,reproducibility_level,duplication_notes,stale_notes,limitations
EXP1,experiments/exp1_core_benchmark,Legacy core benchmark with legacy WMSF seed mode,Do LR-TA WMSF and IPSNS satisfy incumbent protection on full sparse benchmark with legacy internal WMSF seed?,alidasdan/graph-benchmarks 105 unique instances (123 listed),lrta_full;wmsf_seed;ipsns_full,wmsf_seed_mode=legacy;ipsns_iters=400;rng_seed=1,single_run_per_instance,ARCHIVED_SUPERSEDED,summary/exp1_core_benchmark_stats.json,gitignored_regenerable,none_committed,complete_committed,DO_NOT_CITE,not_included,pre-seedfix,full_with_raw_regeneration,Superseded by EXP1b for WMSF seed mode; 1 incumbent violation artifact of legacy seed,README marks archived; seed mismatch documented in seedfix_full_wmsf,Legacy WMSF seed does not match standalone WMSF pipeline
EXP1b,experiments/exp1b_core_benchmark_full_wmsf_seed,Definitive main sparse benchmark with full WMSF seed,On full sparse benchmark does IPSNS never degrade LR-TA/WMSF seeds and improve on subset?,alidasdan/graph-benchmarks 105 unique instances,lrta_full;wmsf_seed;ipsns_full,wmsf_seed_mode=full;ipsns_iters=400;rng_seed=1,single_run_per_instance,COMPLETE,summary/exp1b_core_benchmark_stats.json,gitignored_regenerable,none_committed,complete_committed,primary_internal_benchmark,results/exp1,post-seedfix,full_with_raw_regeneration,Replaces EXP1 for manuscript claims,,Single seed per method; no stochastic robustness
EXP2,experiments/exp2_ablation,Component ablation study,What is contribution of add-back WMSF seed LNS iterations and SCC priority?,10 representative instances from graph-benchmarks,lr_no_addback;lrta_full;wmsf_seed;best_seed_no_lns;ipsns_no_scc_priority;ipsns_50iters;ipsns_100iters;ipsns_full,8 variants;ipsns_full iters=400,single_run_per_variant,COMPLETE,summary/exp2_ablation_stats.json,gitignored_regenerable,none_committed,complete_committed,ablation_table,results/exp2,,full_with_raw_regeneration,,,Small 10-instance subset; not full benchmark
EXP3,experiments/exp3_exact_small,Exact small-instance optimality validation,How close are heuristics to bitmask DP optimum on n<=20?,57 standard non-negative instances n<=20,lrta_full;wmsf_seed;ipsns_full;exact_dp,exact_dp n_limit=20,single_run,COMPLETE,summary/exp3_exact_stats.json,gitignored_regenerable,none_committed,complete_committed,exact_validation_table,results/exp3,,full_with_raw_regeneration,,,Only n<=20; one near-miss r20_60
EXP4,experiments/exp4_external_baselines,External baseline comparison on sparse benchmark,Does IPSNS beat strong external FAS heuristics on sparse set?,97 standard non-negative sparse instances,ipsns_full;lrta_full;wmsf_seed;borda_net_score;weighted_eades;random_multistart;igraph_approx_eades;drmaciver_fas,ipsns_iters=400;external_tools vendored,single_run_per_algorithm,COMPLETE,summary/exp4_external_stats.json,gitignored_regenerable,none_committed,complete_committed,primary_sparse_comparison,results/exp4,,partial_requires_external_binaries,,,DRMaciver 4 incomplete; negative-weight excluded
EXP5,experiments/exp5_lolib_dense,Dense LOLIB transfer study,How does IPSNS transfer to dense tournament graphs?,50 LOLIB instances (25 SGB 10 IO 15 RandA1),lrta_full;wmsf_seed;ipsns_full;borda;weighted_eades;random_multistart;igraph;drmaciver,same as EXP4 baselines,single_run,COMPLETE,summary/exp5_lolib_stats.json,gitignored_regenerable,none_committed,complete_committed,lolib_scope_boundary,results/exp5,,partial_requires_external_binaries,,README once said in progress; summary shows complete,Scope boundary; DRMaciver dominates dense random
EXP6,experiments/exp6_ipsns_budget_curve,IPSNS iteration budget curve,Where does IPSNS quality saturate vs runtime?,20-instance representative sparse subset,ipsns at budgets 10 25 50 100 200 400,"budgets=10,25,50,100,200,400;subset from EXP4 gains",single_run_per_budget,COMPLETE,summary/exp6_final_report.md,gitignored_regenerable,none_committed,complete_committed,budget_curve_table_figure,results/exp6,,full_with_raw_regeneration,Uses EXP4 references for LR-TA/WMSF/full IPSNS,,20-instance subset; quality flat across budgets on subset
EXP7,experiments/exp7_plain_local_search,Plain local search comparator,Can generic order-LS match IPSNS gains?,20-instance subset (same as EXP6),lrta_adj_swap_ls;lrta_insert_ls;bestseed_insert_ls,max_passes=20;max_moves=200;time_limit=60s,single_run,COMPLETE,summary/exp7_final_report.md,gitignored_regenerable,none_committed,complete_committed,plain_ls_table,results/exp7,,full_with_raw_regeneration,References EXP4/EXP6 for IPSNS baselines,,18 non-negative instances in manuscript subset
EXP8,experiments/exp8_medium_mip_baseline,Time-capped MIP/LP baseline medium instances,How close is IPSNS to solver incumbents/bounds on medium n?,15 medium sparse instances n=20..318,scipy.optimize.milp HiGHS MIP or LP relaxation,time_limit=120s;full MIP n<=200 LP n>200,single_run,COMPLETE,summary/exp8_final_report.md,gitignored_regenerable,none_committed,complete_committed,mip_baseline_table,results/exp8,,full_with_raw_regeneration,,,LP relaxation only for n>200; many time_limit statuses
EXP9,experiments/exp9_application_case,Wikipedia adminship vote application case study,Does framework apply to real social network ranking?,SNAP wiki-Vote top-50 nodes converted DIMACS,lrta_full;wmsf_seed;ipsns_full;drmaciver;igraph;weighted_eades,top_n=50 default,single_run,COMPLETE,summary/exp9_final_report.md,gitignored_regenerable,none_committed,complete_committed,application_case_table,results/exp9,,partial_requires_SNAP_download,,README setup once pending; summary exists,Single application dataset; top-N subgraph
EXP10,experiments/exp10_stochastic_robustness,Stochastic robustness repeated-run study,Do IPSNS advantages persist under 20 seeds vs DRMaciver restarts?,93-instance common sparse subset,ipsns_full 20 seeds;drmaciver_fas 20 runs,20 seeds/runs per instance;frozen protocol,20_per_instance_per_method,COMPLETE,summary/COMPLETED.ok;experiment_progress.json status=COMPLETE completed_ok=true,gitignored_regenerable;1860+1860 production runs,1860/1860 IPSNS and DRMaciver complete,complete_committed,stochastic_robustness_table_figure,results/exp10,80b3144d5fdbbe250faed8a4fe671dde2da76c89,partial_requires_drmaciver_binary,Smoke archive quarantined from production namespace,,IPSNS zero seed variance on subset; quality-focused not equal-time
EXP11,experiments/exp11_topological_extraction_sensitivity,Topological extraction rule sensitivity,Do alternative linear extensions change reported backward weight?,6-instance nonnegative calibration subset,current_min_id;max_id;weighted_net;insertion_refine on LR-TA DAGs,post-hoc extraction only;no algorithm change,deterministic_single,COMPLETE,summary/exp11_aggregate.json,none_required_uses_prior_DAGs,none,complete_committed,extraction_sensitivity_table,results/exp11,80b3144d5fdbbe250faed8a4fe671dde2da76c89,full_from_prior_outputs,Post-hoc; does not rerun IPSNS/LR-TA,,Calibration subset only; not extraction optimality claim
coap_ipsns_sensitivity,experiments/coap_ipsns_sensitivity,COAP IPSNS parameter OAT screening (stage 1),Are manuscript default IPSNS parameters sensitive on ablation subset?,EXP2 ablation 10 instances,ipsns_full OAT varying iters topk_scc destroy_addback_frac,14 configs x 10 instances = 140 runs;baseline iters=400 topk=15,rng_seed=1 single,COMPLETE,summary/analysis_summary.json n_runs=140,checkpoints_committed,140/140 in canonical_runs,complete_committed,supplementary_parameter_sensitivity,not_included,92e9c5a manuscript baseline per COAP_DEFAULT_SELECTION_DECISION,full_with_checkpoints,Overlaps EXP2 instance set,,OAT screening not holdout; no universal optimality claim
coap_ipsns_holdout,experiments/coap_ipsns_holdout,COAP IPSNS holdout tuning validation (stage 2),Do tuned IPSNS parameters generalize on disjoint holdout subset?,25 holdout instances incl r20_60 per holdout_plan.yaml,ipsns parameter grid search on tuning split then holdout evaluation,tuning/holdout splits;multiple seeds on holdout,multiple checkpointed runs,COMPLETE,summary/holdout_aggregate.json;summary/holdout_summary.md,results/runs.jsonl 1290 runs,many checkpoints under checkpoints/runs,complete_committed,holdout_supported_defaults_narrative,not_included,COAP_DEFAULT_SELECTION_DECISION 2026-06-10,partial_requires_drmaciver_and_instances,Stage-2 complement to coap_ipsns_sensitivity,,Post-hoc selection rules; manuscript interprets conservatively
seedfix_full_wmsf,experiments/seedfix_full_wmsf,Diagnostic for WMSF seed mode fix,Does full WMSF seed align IPSNS with standalone WMSF?,gr10 gr00 gr7 diagnostic instances,standalone WMSF vs IPSNS internal seed comparison,wmsf_seed_mode full vs legacy,diagnostic_single,COMPLETE_DIAGNOSTIC,seedfix_report.md,diagnostic_csv committed,none,report_only,provenance_only_not_results,not_included,2026-06-06 seedfix,smoke_reproducible,Motivates EXP1b rerun,,Not a benchmark experiment
combined,experiments/combined,Aggregated manuscript-ready tables digest,N/A aggregation layer,derived from EXP1b-EXP5,N/A,build_manuscript_results_digest.py,N/A,COMPLETE,summary/manuscript_results_digest.json,derived_from_experiment_summaries,none,complete_committed,internal_claim_guardrails,results/combined,digest HEAD e5b5b96 noted in md,regenerate_from_summaries,Duplicates paper table sources,Digest lists EXP1b-EXP5 only; predates EXP6-11,Not automatically updated for newer experiments
